-- --------------------------------------------------------
-- Host:                         127.0.0.1
-- Server version:               8.0.42 - MySQL Community Server - GPL
-- Server OS:                    Win64
-- HeidiSQL Version:             12.10.0.7000
-- --------------------------------------------------------

/*!40101 SET @OLD_CHARACTER_SET_CLIENT=@@CHARACTER_SET_CLIENT */;
/*!40101 SET NAMES utf8 */;
/*!50503 SET NAMES utf8mb4 */;
/*!40103 SET @OLD_TIME_ZONE=@@TIME_ZONE */;
/*!40103 SET TIME_ZONE='+00:00' */;
/*!40014 SET @OLD_FOREIGN_KEY_CHECKS=@@FOREIGN_KEY_CHECKS, FOREIGN_KEY_CHECKS=0 */;
/*!40101 SET @OLD_SQL_MODE=@@SQL_MODE, SQL_MODE='NO_AUTO_VALUE_ON_ZERO' */;
/*!40111 SET @OLD_SQL_NOTES=@@SQL_NOTES, SQL_NOTES=0 */;


-- Dumping database structure for metronic832-neo
DROP DATABASE IF EXISTS `metronic832-neo`;
CREATE DATABASE IF NOT EXISTS `metronic832-neo` /*!40100 DEFAULT CHARACTER SET utf8mb4 COLLATE utf8mb4_0900_ai_ci */ /*!80016 DEFAULT ENCRYPTION='N' */;
USE `metronic832-neo`;

-- Dumping structure for table metronic832-neo.cache
DROP TABLE IF EXISTS `cache`;
CREATE TABLE IF NOT EXISTS `cache` (
  `key` varchar(255) COLLATE utf8mb4_unicode_ci NOT NULL,
  `value` mediumtext COLLATE utf8mb4_unicode_ci NOT NULL,
  `expiration` int NOT NULL,
  PRIMARY KEY (`key`),
  KEY `cache_expiration_index` (`expiration`)
) ENGINE=InnoDB DEFAULT CHARSET=utf8mb4 COLLATE=utf8mb4_unicode_ci;

-- Dumping data for table metronic832-neo.cache: ~3 rows (approximately)
DELETE FROM `cache`;
INSERT INTO `cache` (`key`, `value`, `expiration`) VALUES
	('laravel-cache-spatie.permission.cache', 'a:3:{s:5:"alias";a:4:{s:1:"a";s:2:"id";s:1:"b";s:4:"name";s:1:"c";s:10:"guard_name";s:1:"r";s:5:"roles";}s:11:"permissions";a:364:{i:0;a:4:{s:1:"a";i:1;s:1:"b";s:20:"read profil-pengguna";s:1:"c";s:3:"web";s:1:"r";a:4:{i:0;i:3;i:1;i:4;i:2;i:5;i:3;i:10;}}i:1;a:4:{s:1:"a";i:2;s:1:"b";s:22:"update profil-pengguna";s:1:"c";s:3:"web";s:1:"r";a:4:{i:0;i:3;i:1;i:4;i:2;i:5;i:3;i:10;}}i:2;a:4:{s:1:"a";i:3;s:1:"b";s:22:"read password-pengguna";s:1:"c";s:3:"web";s:1:"r";a:4:{i:0;i:3;i:1;i:4;i:2;i:5;i:3;i:10;}}i:3;a:4:{s:1:"a";i:4;s:1:"b";s:24:"update password-pengguna";s:1:"c";s:3:"web";s:1:"r";a:4:{i:0;i:3;i:1;i:4;i:2;i:5;i:3;i:10;}}i:4;a:4:{s:1:"a";i:5;s:1:"b";s:22:"read manajemenpengguna";s:1:"c";s:3:"web";s:1:"r";a:1:{i:0;i:2;}}i:5;a:4:{s:1:"a";i:6;s:1:"b";s:30:"create manajemenpengguna/roles";s:1:"c";s:3:"web";s:1:"r";a:1:{i:0;i:2;}}i:6;a:4:{s:1:"a";i:7;s:1:"b";s:28:"read manajemenpengguna/roles";s:1:"c";s:3:"web";s:1:"r";a:1:{i:0;i:2;}}i:7;a:4:{s:1:"a";i:8;s:1:"b";s:30:"update manajemenpengguna/roles";s:1:"c";s:3:"web";s:1:"r";a:1:{i:0;i:2;}}i:8;a:4:{s:1:"a";i:9;s:1:"b";s:30:"delete manajemenpengguna/roles";s:1:"c";s:3:"web";s:1:"r";a:1:{i:0;i:2;}}i:9;a:4:{s:1:"a";i:10;s:1:"b";s:36:"create manajemenpengguna/permissions";s:1:"c";s:3:"web";s:1:"r";a:1:{i:0;i:2;}}i:10;a:4:{s:1:"a";i:11;s:1:"b";s:34:"read manajemenpengguna/permissions";s:1:"c";s:3:"web";s:1:"r";a:1:{i:0;i:2;}}i:11;a:4:{s:1:"a";i:12;s:1:"b";s:36:"update manajemenpengguna/permissions";s:1:"c";s:3:"web";s:1:"r";a:1:{i:0;i:2;}}i:12;a:4:{s:1:"a";i:13;s:1:"b";s:36:"delete manajemenpengguna/permissions";s:1:"c";s:3:"web";s:1:"r";a:1:{i:0;i:2;}}i:13;a:4:{s:1:"a";i:14;s:1:"b";s:33:"read manajemenpengguna/akses-role";s:1:"c";s:3:"web";s:1:"r";a:1:{i:0;i:2;}}i:14;a:4:{s:1:"a";i:15;s:1:"b";s:35:"update manajemenpengguna/akses-role";s:1:"c";s:3:"web";s:1:"r";a:1:{i:0;i:2;}}i:15;a:4:{s:1:"a";i:16;s:1:"b";s:33:"read manajemenpengguna/akses-user";s:1:"c";s:3:"web";s:1:"r";a:1:{i:0;i:2;}}i:16;a:4:{s:1:"a";i:17;s:1:"b";s:35:"update manajemenpengguna/akses-user";s:1:"c";s:3:"web";s:1:"r";a:1:{i:0;i:2;}}i:17;a:4:{s:1:"a";i:18;s:1:"b";s:30:"create manajemenpengguna/users";s:1:"c";s:3:"web";s:1:"r";a:1:{i:0;i:2;}}i:18;a:4:{s:1:"a";i:19;s:1:"b";s:28:"read manajemenpengguna/users";s:1:"c";s:3:"web";s:1:"r";a:1:{i:0;i:2;}}i:19;a:4:{s:1:"a";i:20;s:1:"b";s:30:"update manajemenpengguna/users";s:1:"c";s:3:"web";s:1:"r";a:1:{i:0;i:2;}}i:20;a:4:{s:1:"a";i:21;s:1:"b";s:30:"delete manajemenpengguna/users";s:1:"c";s:3:"web";s:1:"r";a:1:{i:0;i:2;}}i:21;a:4:{s:1:"a";i:22;s:1:"b";s:15:"read appsupport";s:1:"c";s:3:"web";s:1:"r";a:1:{i:0;i:2;}}i:22;a:4:{s:1:"a";i:23;s:1:"b";s:22:"create appsupport/menu";s:1:"c";s:3:"web";s:1:"r";a:1:{i:0;i:2;}}i:23;a:4:{s:1:"a";i:24;s:1:"b";s:20:"read appsupport/menu";s:1:"c";s:3:"web";s:1:"r";a:1:{i:0;i:2;}}i:24;a:4:{s:1:"a";i:25;s:1:"b";s:22:"update appsupport/menu";s:1:"c";s:3:"web";s:1:"r";a:1:{i:0;i:2;}}i:25;a:4:{s:1:"a";i:26;s:1:"b";s:22:"delete appsupport/menu";s:1:"c";s:3:"web";s:1:"r";a:1:{i:0;i:2;}}i:26;a:4:{s:1:"a";i:27;s:1:"b";s:20:"sort appsupport/menu";s:1:"c";s:3:"web";s:1:"r";a:1:{i:0;i:2;}}i:27;a:4:{s:1:"a";i:28;s:1:"b";s:28:"create appsupport/app-profil";s:1:"c";s:3:"web";s:1:"r";a:1:{i:0;i:2;}}i:28;a:4:{s:1:"a";i:29;s:1:"b";s:26:"read appsupport/app-profil";s:1:"c";s:3:"web";s:1:"r";a:1:{i:0;i:2;}}i:29;a:4:{s:1:"a";i:30;s:1:"b";s:28:"update appsupport/app-profil";s:1:"c";s:3:"web";s:1:"r";a:1:{i:0;i:2;}}i:30;a:4:{s:1:"a";i:31;s:1:"b";s:28:"create appsupport/app-fiturs";s:1:"c";s:3:"web";s:1:"r";a:1:{i:0;i:2;}}i:31;a:4:{s:1:"a";i:32;s:1:"b";s:26:"read appsupport/app-fiturs";s:1:"c";s:3:"web";s:1:"r";a:1:{i:0;i:2;}}i:32;a:4:{s:1:"a";i:33;s:1:"b";s:28:"update appsupport/app-fiturs";s:1:"c";s:3:"web";s:1:"r";a:1:{i:0;i:2;}}i:33;a:4:{s:1:"a";i:34;s:1:"b";s:28:"delete appsupport/app-fiturs";s:1:"c";s:3:"web";s:1:"r";a:1:{i:0;i:2;}}i:34;a:4:{s:1:"a";i:35;s:1:"b";s:33:"read appsupport/impor-data-master";s:1:"c";s:3:"web";s:1:"r";a:1:{i:0;i:2;}}i:35;a:4:{s:1:"a";i:36;s:1:"b";s:34:"read appsupport/ekspor-data-master";s:1:"c";s:3:"web";s:1:"r";a:1:{i:0;i:2;}}i:36;a:4:{s:1:"a";i:37;s:1:"b";s:25:"read appsupport/backup-db";s:1:"c";s:3:"web";s:1:"r";a:1:{i:0;i:2;}}i:37;a:4:{s:1:"a";i:38;s:1:"b";s:26:"read appsupport/data-login";s:1:"c";s:3:"web";s:1:"r";a:1:{i:0;i:2;}}i:38;a:4:{s:1:"a";i:39;s:1:"b";s:27:"create appsupport/referensi";s:1:"c";s:3:"web";s:1:"r";a:1:{i:0;i:2;}}i:39;a:4:{s:1:"a";i:40;s:1:"b";s:25:"read appsupport/referensi";s:1:"c";s:3:"web";s:1:"r";a:1:{i:0;i:2;}}i:40;a:4:{s:1:"a";i:41;s:1:"b";s:27:"update appsupport/referensi";s:1:"c";s:3:"web";s:1:"r";a:1:{i:0;i:2;}}i:41;a:4:{s:1:"a";i:42;s:1:"b";s:27:"delete appsupport/referensi";s:1:"c";s:3:"web";s:1:"r";a:1:{i:0;i:2;}}i:42;a:4:{s:1:"a";i:43;s:1:"b";s:21:"read manajemensekolah";s:1:"c";s:3:"web";s:1:"r";a:1:{i:0;i:2;}}i:43;a:4:{s:1:"a";i:44;s:1:"b";s:36:"create manajemensekolah/tahun-ajaran";s:1:"c";s:3:"web";s:1:"r";a:1:{i:0;i:2;}}i:44;a:4:{s:1:"a";i:45;s:1:"b";s:34:"read manajemensekolah/tahun-ajaran";s:1:"c";s:3:"web";s:1:"r";a:1:{i:0;i:2;}}i:45;a:4:{s:1:"a";i:46;s:1:"b";s:36:"update manajemensekolah/tahun-ajaran";s:1:"c";s:3:"web";s:1:"r";a:1:{i:0;i:2;}}i:46;a:4:{s:1:"a";i:47;s:1:"b";s:36:"delete manajemensekolah/tahun-ajaran";s:1:"c";s:3:"web";s:1:"r";a:1:{i:0;i:2;}}i:47;a:4:{s:1:"a";i:48;s:1:"b";s:41:"create manajemensekolah/identitas-sekolah";s:1:"c";s:3:"web";s:1:"r";a:1:{i:0;i:2;}}i:48;a:4:{s:1:"a";i:49;s:1:"b";s:39:"read manajemensekolah/identitas-sekolah";s:1:"c";s:3:"web";s:1:"r";a:1:{i:0;i:2;}}i:49;a:4:{s:1:"a";i:50;s:1:"b";s:41:"update manajemensekolah/identitas-sekolah";s:1:"c";s:3:"web";s:1:"r";a:1:{i:0;i:2;}}i:50;a:4:{s:1:"a";i:51;s:1:"b";s:41:"delete manajemensekolah/identitas-sekolah";s:1:"c";s:3:"web";s:1:"r";a:1:{i:0;i:2;}}i:51;a:4:{s:1:"a";i:52;s:1:"b";s:34:"read manajemensekolah/datakeahlian";s:1:"c";s:3:"web";s:1:"r";a:1:{i:0;i:2;}}i:52;a:4:{s:1:"a";i:53;s:1:"b";s:52:"create manajemensekolah/datakeahlian/bidang-keahlian";s:1:"c";s:3:"web";s:1:"r";a:1:{i:0;i:2;}}i:53;a:4:{s:1:"a";i:54;s:1:"b";s:50:"read manajemensekolah/datakeahlian/bidang-keahlian";s:1:"c";s:3:"web";s:1:"r";a:1:{i:0;i:2;}}i:54;a:4:{s:1:"a";i:55;s:1:"b";s:52:"update manajemensekolah/datakeahlian/bidang-keahlian";s:1:"c";s:3:"web";s:1:"r";a:1:{i:0;i:2;}}i:55;a:4:{s:1:"a";i:56;s:1:"b";s:52:"delete manajemensekolah/datakeahlian/bidang-keahlian";s:1:"c";s:3:"web";s:1:"r";a:1:{i:0;i:2;}}i:56;a:4:{s:1:"a";i:57;s:1:"b";s:53:"create manajemensekolah/datakeahlian/program-keahlian";s:1:"c";s:3:"web";s:1:"r";a:1:{i:0;i:2;}}i:57;a:4:{s:1:"a";i:58;s:1:"b";s:51:"read manajemensekolah/datakeahlian/program-keahlian";s:1:"c";s:3:"web";s:1:"r";a:1:{i:0;i:2;}}i:58;a:4:{s:1:"a";i:59;s:1:"b";s:53:"update manajemensekolah/datakeahlian/program-keahlian";s:1:"c";s:3:"web";s:1:"r";a:1:{i:0;i:2;}}i:59;a:4:{s:1:"a";i:60;s:1:"b";s:53:"delete manajemensekolah/datakeahlian/program-keahlian";s:1:"c";s:3:"web";s:1:"r";a:1:{i:0;i:2;}}i:60;a:4:{s:1:"a";i:61;s:1:"b";s:56:"create manajemensekolah/datakeahlian/kompetensi-keahlian";s:1:"c";s:3:"web";s:1:"r";a:1:{i:0;i:2;}}i:61;a:4:{s:1:"a";i:62;s:1:"b";s:54:"read manajemensekolah/datakeahlian/kompetensi-keahlian";s:1:"c";s:3:"web";s:1:"r";a:1:{i:0;i:2;}}i:62;a:4:{s:1:"a";i:63;s:1:"b";s:56:"update manajemensekolah/datakeahlian/kompetensi-keahlian";s:1:"c";s:3:"web";s:1:"r";a:1:{i:0;i:2;}}i:63;a:4:{s:1:"a";i:64;s:1:"b";s:56:"delete manajemensekolah/datakeahlian/kompetensi-keahlian";s:1:"c";s:3:"web";s:1:"r";a:1:{i:0;i:2;}}i:64;a:4:{s:1:"a";i:65;s:1:"b";s:30:"read manajemensekolah/personil";s:1:"c";s:3:"web";s:1:"r";a:1:{i:0;i:2;}}i:65;a:4:{s:1:"a";i:66;s:1:"b";s:49:"create manajemensekolah/personil/personil-sekolah";s:1:"c";s:3:"web";s:1:"r";a:1:{i:0;i:2;}}i:66;a:4:{s:1:"a";i:67;s:1:"b";s:47:"read manajemensekolah/personil/personil-sekolah";s:1:"c";s:3:"web";s:1:"r";a:1:{i:0;i:2;}}i:67;a:4:{s:1:"a";i:68;s:1:"b";s:49:"update manajemensekolah/personil/personil-sekolah";s:1:"c";s:3:"web";s:1:"r";a:1:{i:0;i:2;}}i:68;a:4:{s:1:"a";i:69;s:1:"b";s:49:"delete manajemensekolah/personil/personil-sekolah";s:1:"c";s:3:"web";s:1:"r";a:1:{i:0;i:2;}}i:69;a:4:{s:1:"a";i:70;s:1:"b";s:46:"create manajemensekolah/personil/peserta-didik";s:1:"c";s:3:"web";s:1:"r";a:1:{i:0;i:2;}}i:70;a:4:{s:1:"a";i:71;s:1:"b";s:44:"read manajemensekolah/personil/peserta-didik";s:1:"c";s:3:"web";s:1:"r";a:1:{i:0;i:2;}}i:71;a:4:{s:1:"a";i:72;s:1:"b";s:46:"update manajemensekolah/personil/peserta-didik";s:1:"c";s:3:"web";s:1:"r";a:1:{i:0;i:2;}}i:72;a:4:{s:1:"a";i:73;s:1:"b";s:46:"delete manajemensekolah/personil/peserta-didik";s:1:"c";s:3:"web";s:1:"r";a:1:{i:0;i:2;}}i:73;a:4:{s:1:"a";i:74;s:1:"b";s:34:"read manajemensekolah/timmanajemen";s:1:"c";s:3:"web";s:1:"r";a:1:{i:0;i:2;}}i:74;a:4:{s:1:"a";i:75;s:1:"b";s:51:"create manajemensekolah/timmanajemen/kepala-sekolah";s:1:"c";s:3:"web";s:1:"r";a:1:{i:0;i:2;}}i:75;a:4:{s:1:"a";i:76;s:1:"b";s:49:"read manajemensekolah/timmanajemen/kepala-sekolah";s:1:"c";s:3:"web";s:1:"r";a:1:{i:0;i:2;}}i:76;a:4:{s:1:"a";i:77;s:1:"b";s:51:"update manajemensekolah/timmanajemen/kepala-sekolah";s:1:"c";s:3:"web";s:1:"r";a:1:{i:0;i:2;}}i:77;a:4:{s:1:"a";i:78;s:1:"b";s:51:"delete manajemensekolah/timmanajemen/kepala-sekolah";s:1:"c";s:3:"web";s:1:"r";a:1:{i:0;i:2;}}i:78;a:4:{s:1:"a";i:79;s:1:"b";s:57:"create manajemensekolah/timmanajemen/wakil-kepala-sekolah";s:1:"c";s:3:"web";s:1:"r";a:1:{i:0;i:2;}}i:79;a:4:{s:1:"a";i:80;s:1:"b";s:55:"read manajemensekolah/timmanajemen/wakil-kepala-sekolah";s:1:"c";s:3:"web";s:1:"r";a:1:{i:0;i:2;}}i:80;a:4:{s:1:"a";i:81;s:1:"b";s:57:"update manajemensekolah/timmanajemen/wakil-kepala-sekolah";s:1:"c";s:3:"web";s:1:"r";a:1:{i:0;i:2;}}i:81;a:4:{s:1:"a";i:82;s:1:"b";s:57:"delete manajemensekolah/timmanajemen/wakil-kepala-sekolah";s:1:"c";s:3:"web";s:1:"r";a:1:{i:0;i:2;}}i:82;a:4:{s:1:"a";i:83;s:1:"b";s:56:"create manajemensekolah/timmanajemen/ketua-program-studi";s:1:"c";s:3:"web";s:1:"r";a:1:{i:0;i:2;}}i:83;a:4:{s:1:"a";i:84;s:1:"b";s:54:"read manajemensekolah/timmanajemen/ketua-program-studi";s:1:"c";s:3:"web";s:1:"r";a:1:{i:0;i:2;}}i:84;a:4:{s:1:"a";i:85;s:1:"b";s:56:"update manajemensekolah/timmanajemen/ketua-program-studi";s:1:"c";s:3:"web";s:1:"r";a:1:{i:0;i:2;}}i:85;a:4:{s:1:"a";i:86;s:1:"b";s:56:"delete manajemensekolah/timmanajemen/ketua-program-studi";s:1:"c";s:3:"web";s:1:"r";a:1:{i:0;i:2;}}i:86;a:4:{s:1:"a";i:87;s:1:"b";s:49:"create manajemensekolah/timmanajemen/jabatan-lain";s:1:"c";s:3:"web";s:1:"r";a:1:{i:0;i:2;}}i:87;a:4:{s:1:"a";i:88;s:1:"b";s:47:"read manajemensekolah/timmanajemen/jabatan-lain";s:1:"c";s:3:"web";s:1:"r";a:1:{i:0;i:2;}}i:88;a:4:{s:1:"a";i:89;s:1:"b";s:49:"update manajemensekolah/timmanajemen/jabatan-lain";s:1:"c";s:3:"web";s:1:"r";a:1:{i:0;i:2;}}i:89;a:4:{s:1:"a";i:90;s:1:"b";s:49:"delete manajemensekolah/timmanajemen/jabatan-lain";s:1:"c";s:3:"web";s:1:"r";a:1:{i:0;i:2;}}i:90;a:4:{s:1:"a";i:91;s:1:"b";s:39:"read manajemensekolah/pengembangsekolah";s:1:"c";s:3:"web";s:1:"r";a:3:{i:0;i:2;i:1;i:40;i:2;i:41;}}i:91;a:4:{s:1:"a";i:92;s:1:"b";s:56:"create manajemensekolah/pengembangsekolah/manajemen-mutu";s:1:"c";s:3:"web";s:1:"r";a:3:{i:0;i:2;i:1;i:40;i:2;i:41;}}i:92;a:4:{s:1:"a";i:93;s:1:"b";s:54:"read manajemensekolah/pengembangsekolah/manajemen-mutu";s:1:"c";s:3:"web";s:1:"r";a:3:{i:0;i:2;i:1;i:40;i:2;i:41;}}i:93;a:4:{s:1:"a";i:94;s:1:"b";s:56:"update manajemensekolah/pengembangsekolah/manajemen-mutu";s:1:"c";s:3:"web";s:1:"r";a:3:{i:0;i:2;i:1;i:40;i:2;i:41;}}i:94;a:4:{s:1:"a";i:95;s:1:"b";s:56:"delete manajemensekolah/pengembangsekolah/manajemen-mutu";s:1:"c";s:3:"web";s:1:"r";a:3:{i:0;i:2;i:1;i:40;i:2;i:41;}}i:95;a:4:{s:1:"a";i:96;s:1:"b";s:54:"create manajemensekolah/pengembangsekolah/dokumen-mutu";s:1:"c";s:3:"web";s:1:"r";a:3:{i:0;i:2;i:1;i:40;i:2;i:41;}}i:96;a:4:{s:1:"a";i:97;s:1:"b";s:52:"read manajemensekolah/pengembangsekolah/dokumen-mutu";s:1:"c";s:3:"web";s:1:"r";a:3:{i:0;i:2;i:1;i:40;i:2;i:41;}}i:97;a:4:{s:1:"a";i:98;s:1:"b";s:54:"update manajemensekolah/pengembangsekolah/dokumen-mutu";s:1:"c";s:3:"web";s:1:"r";a:3:{i:0;i:2;i:1;i:40;i:2;i:41;}}i:98;a:4:{s:1:"a";i:99;s:1:"b";s:54:"delete manajemensekolah/pengembangsekolah/dokumen-mutu";s:1:"c";s:3:"web";s:1:"r";a:3:{i:0;i:2;i:1;i:40;i:2;i:41;}}i:99;a:4:{s:1:"a";i:100;s:1:"b";s:58:"create manajemensekolah/pengembangsekolah/lampiran-dokumen";s:1:"c";s:3:"web";s:1:"r";a:3:{i:0;i:2;i:1;i:40;i:2;i:41;}}i:100;a:4:{s:1:"a";i:101;s:1:"b";s:56:"read manajemensekolah/pengembangsekolah/lampiran-dokumen";s:1:"c";s:3:"web";s:1:"r";a:3:{i:0;i:2;i:1;i:40;i:2;i:41;}}i:101;a:4:{s:1:"a";i:102;s:1:"b";s:58:"update manajemensekolah/pengembangsekolah/lampiran-dokumen";s:1:"c";s:3:"web";s:1:"r";a:3:{i:0;i:2;i:1;i:40;i:2;i:41;}}i:102;a:4:{s:1:"a";i:103;s:1:"b";s:58:"delete manajemensekolah/pengembangsekolah/lampiran-dokumen";s:1:"c";s:3:"web";s:1:"r";a:3:{i:0;i:2;i:1;i:40;i:2;i:41;}}i:103;a:4:{s:1:"a";i:104;s:1:"b";s:14:"read kurikulum";s:1:"c";s:3:"web";s:1:"r";a:2:{i:0;i:32;i:1;i:33;}}i:104;a:4:{s:1:"a";i:105;s:1:"b";s:33:"read kurikulum/perangkatkurikulum";s:1:"c";s:3:"web";s:1:"r";a:2:{i:0;i:32;i:1;i:33;}}i:105;a:4:{s:1:"a";i:106;s:1:"b";s:51:"create kurikulum/perangkatkurikulum/versi-kurikulum";s:1:"c";s:3:"web";s:1:"r";a:2:{i:0;i:32;i:1;i:33;}}i:106;a:4:{s:1:"a";i:107;s:1:"b";s:49:"read kurikulum/perangkatkurikulum/versi-kurikulum";s:1:"c";s:3:"web";s:1:"r";a:2:{i:0;i:32;i:1;i:33;}}i:107;a:4:{s:1:"a";i:108;s:1:"b";s:51:"update kurikulum/perangkatkurikulum/versi-kurikulum";s:1:"c";s:3:"web";s:1:"r";a:2:{i:0;i:32;i:1;i:33;}}i:108;a:4:{s:1:"a";i:109;s:1:"b";s:51:"delete kurikulum/perangkatkurikulum/versi-kurikulum";s:1:"c";s:3:"web";s:1:"r";a:2:{i:0;i:32;i:1;i:33;}}i:109;a:4:{s:1:"a";i:110;s:1:"b";s:53:"create kurikulum/perangkatkurikulum/rombongan-belajar";s:1:"c";s:3:"web";s:1:"r";a:2:{i:0;i:32;i:1;i:33;}}i:110;a:4:{s:1:"a";i:111;s:1:"b";s:51:"read kurikulum/perangkatkurikulum/rombongan-belajar";s:1:"c";s:3:"web";s:1:"r";a:2:{i:0;i:32;i:1;i:33;}}i:111;a:4:{s:1:"a";i:112;s:1:"b";s:53:"update kurikulum/perangkatkurikulum/rombongan-belajar";s:1:"c";s:3:"web";s:1:"r";a:2:{i:0;i:32;i:1;i:33;}}i:112;a:4:{s:1:"a";i:113;s:1:"b";s:53:"delete kurikulum/perangkatkurikulum/rombongan-belajar";s:1:"c";s:3:"web";s:1:"r";a:2:{i:0;i:32;i:1;i:33;}}i:113;a:4:{s:1:"a";i:114;s:1:"b";s:46:"create kurikulum/perangkatkurikulum/wali-kelas";s:1:"c";s:3:"web";s:1:"r";a:2:{i:0;i:32;i:1;i:33;}}i:114;a:4:{s:1:"a";i:115;s:1:"b";s:44:"read kurikulum/perangkatkurikulum/wali-kelas";s:1:"c";s:3:"web";s:1:"r";a:2:{i:0;i:32;i:1;i:33;}}i:115;a:4:{s:1:"a";i:116;s:1:"b";s:46:"update kurikulum/perangkatkurikulum/wali-kelas";s:1:"c";s:3:"web";s:1:"r";a:2:{i:0;i:32;i:1;i:33;}}i:116;a:4:{s:1:"a";i:117;s:1:"b";s:46:"delete kurikulum/perangkatkurikulum/wali-kelas";s:1:"c";s:3:"web";s:1:"r";a:2:{i:0;i:32;i:1;i:33;}}i:117;a:4:{s:1:"a";i:118;s:1:"b";s:56:"create kurikulum/perangkatkurikulum/peserta-didik-rombel";s:1:"c";s:3:"web";s:1:"r";a:2:{i:0;i:32;i:1;i:33;}}i:118;a:4:{s:1:"a";i:119;s:1:"b";s:54:"read kurikulum/perangkatkurikulum/peserta-didik-rombel";s:1:"c";s:3:"web";s:1:"r";a:2:{i:0;i:32;i:1;i:33;}}i:119;a:4:{s:1:"a";i:120;s:1:"b";s:56:"update kurikulum/perangkatkurikulum/peserta-didik-rombel";s:1:"c";s:3:"web";s:1:"r";a:2:{i:0;i:32;i:1;i:33;}}i:120;a:4:{s:1:"a";i:121;s:1:"b";s:56:"delete kurikulum/perangkatkurikulum/peserta-didik-rombel";s:1:"c";s:3:"web";s:1:"r";a:2:{i:0;i:32;i:1;i:33;}}i:121;a:4:{s:1:"a";i:122;s:1:"b";s:45:"create kurikulum/perangkatkurikulum/guru-wali";s:1:"c";s:3:"web";s:1:"r";a:2:{i:0;i:32;i:1;i:33;}}i:122;a:4:{s:1:"a";i:123;s:1:"b";s:43:"read kurikulum/perangkatkurikulum/guru-wali";s:1:"c";s:3:"web";s:1:"r";a:2:{i:0;i:32;i:1;i:33;}}i:123;a:4:{s:1:"a";i:124;s:1:"b";s:45:"update kurikulum/perangkatkurikulum/guru-wali";s:1:"c";s:3:"web";s:1:"r";a:2:{i:0;i:32;i:1;i:33;}}i:124;a:4:{s:1:"a";i:125;s:1:"b";s:45:"delete kurikulum/perangkatkurikulum/guru-wali";s:1:"c";s:3:"web";s:1:"r";a:2:{i:0;i:32;i:1;i:33;}}i:125;a:4:{s:1:"a";i:126;s:1:"b";s:22:"read kurikulum/datakbm";s:1:"c";s:3:"web";s:1:"r";a:2:{i:0;i:32;i:1;i:33;}}i:126;a:4:{s:1:"a";i:127;s:1:"b";s:39:"create kurikulum/datakbm/mata-pelajaran";s:1:"c";s:3:"web";s:1:"r";a:2:{i:0;i:32;i:1;i:33;}}i:127;a:4:{s:1:"a";i:128;s:1:"b";s:37:"read kurikulum/datakbm/mata-pelajaran";s:1:"c";s:3:"web";s:1:"r";a:2:{i:0;i:32;i:1;i:33;}}i:128;a:4:{s:1:"a";i:129;s:1:"b";s:39:"update kurikulum/datakbm/mata-pelajaran";s:1:"c";s:3:"web";s:1:"r";a:2:{i:0;i:32;i:1;i:33;}}i:129;a:4:{s:1:"a";i:130;s:1:"b";s:39:"delete kurikulum/datakbm/mata-pelajaran";s:1:"c";s:3:"web";s:1:"r";a:2:{i:0;i:32;i:1;i:33;}}i:130;a:4:{s:1:"a";i:131;s:1:"b";s:47:"create kurikulum/datakbm/mata-pelajaran-jurusan";s:1:"c";s:3:"web";s:1:"r";a:2:{i:0;i:32;i:1;i:33;}}i:131;a:4:{s:1:"a";i:132;s:1:"b";s:45:"read kurikulum/datakbm/mata-pelajaran-jurusan";s:1:"c";s:3:"web";s:1:"r";a:2:{i:0;i:32;i:1;i:33;}}i:132;a:4:{s:1:"a";i:133;s:1:"b";s:47:"update kurikulum/datakbm/mata-pelajaran-jurusan";s:1:"c";s:3:"web";s:1:"r";a:2:{i:0;i:32;i:1;i:33;}}i:133;a:4:{s:1:"a";i:134;s:1:"b";s:47:"delete kurikulum/datakbm/mata-pelajaran-jurusan";s:1:"c";s:3:"web";s:1:"r";a:2:{i:0;i:32;i:1;i:33;}}i:134;a:4:{s:1:"a";i:135;s:1:"b";s:45:"create kurikulum/datakbm/capaian-pembelajaran";s:1:"c";s:3:"web";s:1:"r";a:2:{i:0;i:32;i:1;i:33;}}i:135;a:4:{s:1:"a";i:136;s:1:"b";s:43:"read kurikulum/datakbm/capaian-pembelajaran";s:1:"c";s:3:"web";s:1:"r";a:2:{i:0;i:32;i:1;i:33;}}i:136;a:4:{s:1:"a";i:137;s:1:"b";s:45:"update kurikulum/datakbm/capaian-pembelajaran";s:1:"c";s:3:"web";s:1:"r";a:2:{i:0;i:32;i:1;i:33;}}i:137;a:4:{s:1:"a";i:138;s:1:"b";s:45:"delete kurikulum/datakbm/capaian-pembelajaran";s:1:"c";s:3:"web";s:1:"r";a:2:{i:0;i:32;i:1;i:33;}}i:138;a:4:{s:1:"a";i:139;s:1:"b";s:39:"create kurikulum/datakbm/kbm-per-rombel";s:1:"c";s:3:"web";s:1:"r";a:2:{i:0;i:32;i:1;i:33;}}i:139;a:4:{s:1:"a";i:140;s:1:"b";s:37:"read kurikulum/datakbm/kbm-per-rombel";s:1:"c";s:3:"web";s:1:"r";a:2:{i:0;i:32;i:1;i:33;}}i:140;a:4:{s:1:"a";i:141;s:1:"b";s:39:"update kurikulum/datakbm/kbm-per-rombel";s:1:"c";s:3:"web";s:1:"r";a:2:{i:0;i:32;i:1;i:33;}}i:141;a:4:{s:1:"a";i:142;s:1:"b";s:39:"delete kurikulum/datakbm/kbm-per-rombel";s:1:"c";s:3:"web";s:1:"r";a:2:{i:0;i:32;i:1;i:33;}}i:142;a:4:{s:1:"a";i:143;s:1:"b";s:38:"create kurikulum/datakbm/kunci-datakbm";s:1:"c";s:3:"web";s:1:"r";a:2:{i:0;i:32;i:1;i:33;}}i:143;a:4:{s:1:"a";i:144;s:1:"b";s:36:"read kurikulum/datakbm/kunci-datakbm";s:1:"c";s:3:"web";s:1:"r";a:2:{i:0;i:32;i:1;i:33;}}i:144;a:4:{s:1:"a";i:145;s:1:"b";s:38:"update kurikulum/datakbm/kunci-datakbm";s:1:"c";s:3:"web";s:1:"r";a:2:{i:0;i:32;i:1;i:33;}}i:145;a:4:{s:1:"a";i:146;s:1:"b";s:38:"delete kurikulum/datakbm/kunci-datakbm";s:1:"c";s:3:"web";s:1:"r";a:2:{i:0;i:32;i:1;i:33;}}i:146;a:4:{s:1:"a";i:147;s:1:"b";s:26:"read kurikulum/penjadwalan";s:1:"c";s:3:"web";s:1:"r";a:2:{i:0;i:32;i:1;i:33;}}i:147;a:4:{s:1:"a";i:148;s:1:"b";s:41:"create kurikulum/penjadwalan/hari-efektif";s:1:"c";s:3:"web";s:1:"r";a:2:{i:0;i:32;i:1;i:33;}}i:148;a:4:{s:1:"a";i:149;s:1:"b";s:39:"read kurikulum/penjadwalan/hari-efektif";s:1:"c";s:3:"web";s:1:"r";a:2:{i:0;i:32;i:1;i:33;}}i:149;a:4:{s:1:"a";i:150;s:1:"b";s:41:"update kurikulum/penjadwalan/hari-efektif";s:1:"c";s:3:"web";s:1:"r";a:2:{i:0;i:32;i:1;i:33;}}i:150;a:4:{s:1:"a";i:151;s:1:"b";s:41:"delete kurikulum/penjadwalan/hari-efektif";s:1:"c";s:3:"web";s:1:"r";a:2:{i:0;i:32;i:1;i:33;}}i:151;a:4:{s:1:"a";i:152;s:1:"b";s:35:"create kurikulum/penjadwalan/events";s:1:"c";s:3:"web";s:1:"r";a:2:{i:0;i:32;i:1;i:33;}}i:152;a:4:{s:1:"a";i:153;s:1:"b";s:33:"read kurikulum/penjadwalan/events";s:1:"c";s:3:"web";s:1:"r";a:2:{i:0;i:32;i:1;i:33;}}i:153;a:4:{s:1:"a";i:154;s:1:"b";s:35:"update kurikulum/penjadwalan/events";s:1:"c";s:3:"web";s:1:"r";a:2:{i:0;i:32;i:1;i:33;}}i:154;a:4:{s:1:"a";i:155;s:1:"b";s:35:"delete kurikulum/penjadwalan/events";s:1:"c";s:3:"web";s:1:"r";a:2:{i:0;i:32;i:1;i:33;}}i:155;a:4:{s:1:"a";i:156;s:1:"b";s:39:"read kurikulum/penjadwalan/jadwalngajar";s:1:"c";s:3:"web";s:1:"r";a:2:{i:0;i:32;i:1;i:33;}}i:156;a:4:{s:1:"a";i:157;s:1:"b";s:57:"create kurikulum/penjadwalan/jadwalngajar/jadwal-mingguan";s:1:"c";s:3:"web";s:1:"r";a:2:{i:0;i:32;i:1;i:33;}}i:157;a:4:{s:1:"a";i:158;s:1:"b";s:55:"read kurikulum/penjadwalan/jadwalngajar/jadwal-mingguan";s:1:"c";s:3:"web";s:1:"r";a:2:{i:0;i:32;i:1;i:33;}}i:158;a:4:{s:1:"a";i:159;s:1:"b";s:57:"update kurikulum/penjadwalan/jadwalngajar/jadwal-mingguan";s:1:"c";s:3:"web";s:1:"r";a:2:{i:0;i:32;i:1;i:33;}}i:159;a:4:{s:1:"a";i:160;s:1:"b";s:57:"delete kurikulum/penjadwalan/jadwalngajar/jadwal-mingguan";s:1:"c";s:3:"web";s:1:"r";a:2:{i:0;i:32;i:1;i:33;}}i:160;a:4:{s:1:"a";i:161;s:1:"b";s:59:"create kurikulum/penjadwalan/jadwalngajar/jadwal-per-rombel";s:1:"c";s:3:"web";s:1:"r";a:2:{i:0;i:32;i:1;i:33;}}i:161;a:4:{s:1:"a";i:162;s:1:"b";s:57:"read kurikulum/penjadwalan/jadwalngajar/jadwal-per-rombel";s:1:"c";s:3:"web";s:1:"r";a:2:{i:0;i:32;i:1;i:33;}}i:162;a:4:{s:1:"a";i:163;s:1:"b";s:59:"update kurikulum/penjadwalan/jadwalngajar/jadwal-per-rombel";s:1:"c";s:3:"web";s:1:"r";a:2:{i:0;i:32;i:1;i:33;}}i:163;a:4:{s:1:"a";i:164;s:1:"b";s:59:"delete kurikulum/penjadwalan/jadwalngajar/jadwal-per-rombel";s:1:"c";s:3:"web";s:1:"r";a:2:{i:0;i:32;i:1;i:33;}}i:164;a:4:{s:1:"a";i:165;s:1:"b";s:57:"create kurikulum/penjadwalan/jadwalngajar/jadwal-per-guru";s:1:"c";s:3:"web";s:1:"r";a:2:{i:0;i:32;i:1;i:33;}}i:165;a:4:{s:1:"a";i:166;s:1:"b";s:55:"read kurikulum/penjadwalan/jadwalngajar/jadwal-per-guru";s:1:"c";s:3:"web";s:1:"r";a:2:{i:0;i:32;i:1;i:33;}}i:166;a:4:{s:1:"a";i:167;s:1:"b";s:57:"update kurikulum/penjadwalan/jadwalngajar/jadwal-per-guru";s:1:"c";s:3:"web";s:1:"r";a:2:{i:0;i:32;i:1;i:33;}}i:167;a:4:{s:1:"a";i:168;s:1:"b";s:57:"delete kurikulum/penjadwalan/jadwalngajar/jadwal-per-guru";s:1:"c";s:3:"web";s:1:"r";a:2:{i:0;i:32;i:1;i:33;}}i:168;a:4:{s:1:"a";i:169;s:1:"b";s:57:"create kurikulum/penjadwalan/jadwalngajar/jadwal-per-hari";s:1:"c";s:3:"web";s:1:"r";a:2:{i:0;i:32;i:1;i:33;}}i:169;a:4:{s:1:"a";i:170;s:1:"b";s:55:"read kurikulum/penjadwalan/jadwalngajar/jadwal-per-hari";s:1:"c";s:3:"web";s:1:"r";a:2:{i:0;i:32;i:1;i:33;}}i:170;a:4:{s:1:"a";i:171;s:1:"b";s:57:"update kurikulum/penjadwalan/jadwalngajar/jadwal-per-hari";s:1:"c";s:3:"web";s:1:"r";a:2:{i:0;i:32;i:1;i:33;}}i:171;a:4:{s:1:"a";i:172;s:1:"b";s:57:"delete kurikulum/penjadwalan/jadwalngajar/jadwal-per-hari";s:1:"c";s:3:"web";s:1:"r";a:2:{i:0;i:32;i:1;i:33;}}i:172;a:4:{s:1:"a";i:173;s:1:"b";s:29:"read kurikulum/perangkatujian";s:1:"c";s:3:"web";s:1:"r";a:2:{i:0;i:32;i:1;i:33;}}i:173;a:4:{s:1:"a";i:174;s:1:"b";s:47:"create kurikulum/perangkatujian/identitas-ujian";s:1:"c";s:3:"web";s:1:"r";a:2:{i:0;i:32;i:1;i:33;}}i:174;a:4:{s:1:"a";i:175;s:1:"b";s:45:"read kurikulum/perangkatujian/identitas-ujian";s:1:"c";s:3:"web";s:1:"r";a:2:{i:0;i:32;i:1;i:33;}}i:175;a:4:{s:1:"a";i:176;s:1:"b";s:47:"update kurikulum/perangkatujian/identitas-ujian";s:1:"c";s:3:"web";s:1:"r";a:2:{i:0;i:32;i:1;i:33;}}i:176;a:4:{s:1:"a";i:177;s:1:"b";s:47:"delete kurikulum/perangkatujian/identitas-ujian";s:1:"c";s:3:"web";s:1:"r";a:2:{i:0;i:32;i:1;i:33;}}i:177;a:4:{s:1:"a";i:178;s:1:"b";s:47:"read kurikulum/perangkatujian/administrasiujian";s:1:"c";s:3:"web";s:1:"r";a:2:{i:0;i:32;i:1;i:33;}}i:178;a:4:{s:1:"a";i:179;s:1:"b";s:61:"create kurikulum/perangkatujian/administrasiujian/ruang-ujian";s:1:"c";s:3:"web";s:1:"r";a:2:{i:0;i:32;i:1;i:33;}}i:179;a:4:{s:1:"a";i:180;s:1:"b";s:59:"read kurikulum/perangkatujian/administrasiujian/ruang-ujian";s:1:"c";s:3:"web";s:1:"r";a:2:{i:0;i:32;i:1;i:33;}}i:180;a:4:{s:1:"a";i:181;s:1:"b";s:61:"update kurikulum/perangkatujian/administrasiujian/ruang-ujian";s:1:"c";s:3:"web";s:1:"r";a:2:{i:0;i:32;i:1;i:33;}}i:181;a:4:{s:1:"a";i:182;s:1:"b";s:61:"delete kurikulum/perangkatujian/administrasiujian/ruang-ujian";s:1:"c";s:3:"web";s:1:"r";a:2:{i:0;i:32;i:1;i:33;}}i:182;a:4:{s:1:"a";i:183;s:1:"b";s:63:"create kurikulum/perangkatujian/administrasiujian/peserta-ujian";s:1:"c";s:3:"web";s:1:"r";a:2:{i:0;i:32;i:1;i:33;}}i:183;a:4:{s:1:"a";i:184;s:1:"b";s:61:"read kurikulum/perangkatujian/administrasiujian/peserta-ujian";s:1:"c";s:3:"web";s:1:"r";a:2:{i:0;i:32;i:1;i:33;}}i:184;a:4:{s:1:"a";i:185;s:1:"b";s:63:"update kurikulum/perangkatujian/administrasiujian/peserta-ujian";s:1:"c";s:3:"web";s:1:"r";a:2:{i:0;i:32;i:1;i:33;}}i:185;a:4:{s:1:"a";i:186;s:1:"b";s:63:"delete kurikulum/perangkatujian/administrasiujian/peserta-ujian";s:1:"c";s:3:"web";s:1:"r";a:2:{i:0;i:32;i:1;i:33;}}i:186;a:4:{s:1:"a";i:187;s:1:"b";s:62:"create kurikulum/perangkatujian/administrasiujian/jadwal-ujian";s:1:"c";s:3:"web";s:1:"r";a:2:{i:0;i:32;i:1;i:33;}}i:187;a:4:{s:1:"a";i:188;s:1:"b";s:60:"read kurikulum/perangkatujian/administrasiujian/jadwal-ujian";s:1:"c";s:3:"web";s:1:"r";a:2:{i:0;i:32;i:1;i:33;}}i:188;a:4:{s:1:"a";i:189;s:1:"b";s:62:"update kurikulum/perangkatujian/administrasiujian/jadwal-ujian";s:1:"c";s:3:"web";s:1:"r";a:2:{i:0;i:32;i:1;i:33;}}i:189;a:4:{s:1:"a";i:190;s:1:"b";s:62:"delete kurikulum/perangkatujian/administrasiujian/jadwal-ujian";s:1:"c";s:3:"web";s:1:"r";a:2:{i:0;i:32;i:1;i:33;}}i:190;a:4:{s:1:"a";i:191;s:1:"b";s:64:"create kurikulum/perangkatujian/administrasiujian/pengawas-ujian";s:1:"c";s:3:"web";s:1:"r";a:2:{i:0;i:32;i:1;i:33;}}i:191;a:4:{s:1:"a";i:192;s:1:"b";s:62:"read kurikulum/perangkatujian/administrasiujian/pengawas-ujian";s:1:"c";s:3:"web";s:1:"r";a:2:{i:0;i:32;i:1;i:33;}}i:192;a:4:{s:1:"a";i:193;s:1:"b";s:64:"update kurikulum/perangkatujian/administrasiujian/pengawas-ujian";s:1:"c";s:3:"web";s:1:"r";a:2:{i:0;i:32;i:1;i:33;}}i:193;a:4:{s:1:"a";i:194;s:1:"b";s:64:"delete kurikulum/perangkatujian/administrasiujian/pengawas-ujian";s:1:"c";s:3:"web";s:1:"r";a:2:{i:0;i:32;i:1;i:33;}}i:194;a:4:{s:1:"a";i:195;s:1:"b";s:61:"create kurikulum/perangkatujian/administrasiujian/token-ujian";s:1:"c";s:3:"web";s:1:"r";a:2:{i:0;i:32;i:1;i:33;}}i:195;a:4:{s:1:"a";i:196;s:1:"b";s:59:"read kurikulum/perangkatujian/administrasiujian/token-ujian";s:1:"c";s:3:"web";s:1:"r";a:2:{i:0;i:32;i:1;i:33;}}i:196;a:4:{s:1:"a";i:197;s:1:"b";s:61:"update kurikulum/perangkatujian/administrasiujian/token-ujian";s:1:"c";s:3:"web";s:1:"r";a:2:{i:0;i:32;i:1;i:33;}}i:197;a:4:{s:1:"a";i:198;s:1:"b";s:61:"delete kurikulum/perangkatujian/administrasiujian/token-ujian";s:1:"c";s:3:"web";s:1:"r";a:2:{i:0;i:32;i:1;i:33;}}i:198;a:4:{s:1:"a";i:199;s:1:"b";s:63:"create kurikulum/perangkatujian/administrasiujian/denah-ruangan";s:1:"c";s:3:"web";s:1:"r";a:2:{i:0;i:32;i:1;i:33;}}i:199;a:4:{s:1:"a";i:200;s:1:"b";s:61:"read kurikulum/perangkatujian/administrasiujian/denah-ruangan";s:1:"c";s:3:"web";s:1:"r";a:2:{i:0;i:32;i:1;i:33;}}i:200;a:4:{s:1:"a";i:201;s:1:"b";s:63:"update kurikulum/perangkatujian/administrasiujian/denah-ruangan";s:1:"c";s:3:"web";s:1:"r";a:2:{i:0;i:32;i:1;i:33;}}i:201;a:4:{s:1:"a";i:202;s:1:"b";s:63:"delete kurikulum/perangkatujian/administrasiujian/denah-ruangan";s:1:"c";s:3:"web";s:1:"r";a:2:{i:0;i:32;i:1;i:33;}}i:202;a:4:{s:1:"a";i:203;s:1:"b";s:63:"create kurikulum/perangkatujian/administrasiujian/panitia-ujian";s:1:"c";s:3:"web";s:1:"r";a:2:{i:0;i:32;i:1;i:33;}}i:203;a:4:{s:1:"a";i:204;s:1:"b";s:61:"read kurikulum/perangkatujian/administrasiujian/panitia-ujian";s:1:"c";s:3:"web";s:1:"r";a:2:{i:0;i:32;i:1;i:33;}}i:204;a:4:{s:1:"a";i:205;s:1:"b";s:63:"update kurikulum/perangkatujian/administrasiujian/panitia-ujian";s:1:"c";s:3:"web";s:1:"r";a:2:{i:0;i:32;i:1;i:33;}}i:205;a:4:{s:1:"a";i:206;s:1:"b";s:63:"delete kurikulum/perangkatujian/administrasiujian/panitia-ujian";s:1:"c";s:3:"web";s:1:"r";a:2:{i:0;i:32;i:1;i:33;}}i:206;a:4:{s:1:"a";i:207;s:1:"b";s:49:"create kurikulum/perangkatujian/cetakadministrasi";s:1:"c";s:3:"web";s:1:"r";a:2:{i:0;i:32;i:1;i:33;}}i:207;a:4:{s:1:"a";i:208;s:1:"b";s:47:"read kurikulum/perangkatujian/cetakadministrasi";s:1:"c";s:3:"web";s:1:"r";a:2:{i:0;i:32;i:1;i:33;}}i:208;a:4:{s:1:"a";i:209;s:1:"b";s:49:"update kurikulum/perangkatujian/cetakadministrasi";s:1:"c";s:3:"web";s:1:"r";a:2:{i:0;i:32;i:1;i:33;}}i:209;a:4:{s:1:"a";i:210;s:1:"b";s:49:"delete kurikulum/perangkatujian/cetakadministrasi";s:1:"c";s:3:"web";s:1:"r";a:2:{i:0;i:32;i:1;i:33;}}i:210;a:4:{s:1:"a";i:211;s:1:"b";s:69:"create kurikulum/perangkatujian/cetakadministrasi/berkas-administrasi";s:1:"c";s:3:"web";s:1:"r";a:2:{i:0;i:32;i:1;i:33;}}i:211;a:4:{s:1:"a";i:212;s:1:"b";s:67:"read kurikulum/perangkatujian/cetakadministrasi/berkas-administrasi";s:1:"c";s:3:"web";s:1:"r";a:2:{i:0;i:32;i:1;i:33;}}i:212;a:4:{s:1:"a";i:213;s:1:"b";s:69:"update kurikulum/perangkatujian/cetakadministrasi/berkas-administrasi";s:1:"c";s:3:"web";s:1:"r";a:2:{i:0;i:32;i:1;i:33;}}i:213;a:4:{s:1:"a";i:214;s:1:"b";s:69:"delete kurikulum/perangkatujian/cetakadministrasi/berkas-administrasi";s:1:"c";s:3:"web";s:1:"r";a:2:{i:0;i:32;i:1;i:33;}}i:214;a:4:{s:1:"a";i:215;s:1:"b";s:67:"create kurikulum/perangkatujian/cetakadministrasi/pelaksanaan-ujian";s:1:"c";s:3:"web";s:1:"r";a:2:{i:0;i:32;i:1;i:33;}}i:215;a:4:{s:1:"a";i:216;s:1:"b";s:65:"read kurikulum/perangkatujian/cetakadministrasi/pelaksanaan-ujian";s:1:"c";s:3:"web";s:1:"r";a:2:{i:0;i:32;i:1;i:33;}}i:216;a:4:{s:1:"a";i:217;s:1:"b";s:67:"update kurikulum/perangkatujian/cetakadministrasi/pelaksanaan-ujian";s:1:"c";s:3:"web";s:1:"r";a:2:{i:0;i:32;i:1;i:33;}}i:217;a:4:{s:1:"a";i:218;s:1:"b";s:67:"delete kurikulum/perangkatujian/cetakadministrasi/pelaksanaan-ujian";s:1:"c";s:3:"web";s:1:"r";a:2:{i:0;i:32;i:1;i:33;}}i:218;a:4:{s:1:"a";i:219;s:1:"b";s:26:"read kurikulum/dokumenguru";s:1:"c";s:3:"web";s:1:"r";a:2:{i:0;i:32;i:1;i:33;}}i:219;a:4:{s:1:"a";i:220;s:1:"b";s:42:"read kurikulum/dokumenguru/arsip-gurumapel";s:1:"c";s:3:"web";s:1:"r";a:2:{i:0;i:32;i:1;i:33;}}i:220;a:4:{s:1:"a";i:221;s:1:"b";s:42:"read kurikulum/dokumenguru/arsip-walikelas";s:1:"c";s:3:"web";s:1:"r";a:2:{i:0;i:32;i:1;i:33;}}i:221;a:4:{s:1:"a";i:222;s:1:"b";s:41:"read kurikulum/dokumenguru/arsip-guruwali";s:1:"c";s:3:"web";s:1:"r";a:2:{i:0;i:32;i:1;i:33;}}i:222;a:4:{s:1:"a";i:223;s:1:"b";s:43:"read kurikulum/dokumenguru/administrasi-kbm";s:1:"c";s:3:"web";s:1:"r";a:2:{i:0;i:32;i:1;i:33;}}i:223;a:4:{s:1:"a";i:224;s:1:"b";s:41:"read kurikulum/dokumenguru/perangkat-ajar";s:1:"c";s:3:"web";s:1:"r";a:2:{i:0;i:32;i:1;i:33;}}i:224;a:4:{s:1:"a";i:225;s:1:"b";s:15:"read websiteapp";s:1:"c";s:3:"web";s:1:"r";a:1:{i:0;i:2;}}i:225;a:4:{s:1:"a";i:226;s:1:"b";s:27:"read websiteapp/uploadphoto";s:1:"c";s:3:"web";s:1:"r";a:1:{i:0;i:2;}}i:226;a:4:{s:1:"a";i:227;s:1:"b";s:41:"create websiteapp/uploadphoto/photo-slide";s:1:"c";s:3:"web";s:1:"r";a:1:{i:0;i:2;}}i:227;a:4:{s:1:"a";i:228;s:1:"b";s:39:"read websiteapp/uploadphoto/photo-slide";s:1:"c";s:3:"web";s:1:"r";a:1:{i:0;i:2;}}i:228;a:4:{s:1:"a";i:229;s:1:"b";s:41:"update websiteapp/uploadphoto/photo-slide";s:1:"c";s:3:"web";s:1:"r";a:1:{i:0;i:2;}}i:229;a:4:{s:1:"a";i:230;s:1:"b";s:41:"delete websiteapp/uploadphoto/photo-slide";s:1:"c";s:3:"web";s:1:"r";a:1:{i:0;i:2;}}i:230;a:4:{s:1:"a";i:231;s:1:"b";s:43:"create websiteapp/uploadphoto/gallery-photo";s:1:"c";s:3:"web";s:1:"r";a:1:{i:0;i:2;}}i:231;a:4:{s:1:"a";i:232;s:1:"b";s:41:"read websiteapp/uploadphoto/gallery-photo";s:1:"c";s:3:"web";s:1:"r";a:1:{i:0;i:2;}}i:232;a:4:{s:1:"a";i:233;s:1:"b";s:43:"update websiteapp/uploadphoto/gallery-photo";s:1:"c";s:3:"web";s:1:"r";a:1:{i:0;i:2;}}i:233;a:4:{s:1:"a";i:234;s:1:"b";s:43:"delete websiteapp/uploadphoto/gallery-photo";s:1:"c";s:3:"web";s:1:"r";a:1:{i:0;i:2;}}i:234;a:4:{s:1:"a";i:235;s:1:"b";s:43:"create websiteapp/uploadphoto/photo-jurusan";s:1:"c";s:3:"web";s:1:"r";a:1:{i:0;i:2;}}i:235;a:4:{s:1:"a";i:236;s:1:"b";s:41:"read websiteapp/uploadphoto/photo-jurusan";s:1:"c";s:3:"web";s:1:"r";a:1:{i:0;i:2;}}i:236;a:4:{s:1:"a";i:237;s:1:"b";s:43:"update websiteapp/uploadphoto/photo-jurusan";s:1:"c";s:3:"web";s:1:"r";a:1:{i:0;i:2;}}i:237;a:4:{s:1:"a";i:238;s:1:"b";s:43:"delete websiteapp/uploadphoto/photo-jurusan";s:1:"c";s:3:"web";s:1:"r";a:1:{i:0;i:2;}}i:238;a:4:{s:1:"a";i:239;s:1:"b";s:42:"create websiteapp/uploadphoto/logo-jurusan";s:1:"c";s:3:"web";s:1:"r";a:1:{i:0;i:2;}}i:239;a:4:{s:1:"a";i:240;s:1:"b";s:40:"read websiteapp/uploadphoto/logo-jurusan";s:1:"c";s:3:"web";s:1:"r";a:1:{i:0;i:2;}}i:240;a:4:{s:1:"a";i:241;s:1:"b";s:42:"update websiteapp/uploadphoto/logo-jurusan";s:1:"c";s:3:"web";s:1:"r";a:1:{i:0;i:2;}}i:241;a:4:{s:1:"a";i:242;s:1:"b";s:42:"delete websiteapp/uploadphoto/logo-jurusan";s:1:"c";s:3:"web";s:1:"r";a:1:{i:0;i:2;}}i:242;a:4:{s:1:"a";i:243;s:1:"b";s:44:"create websiteapp/uploadphoto/photo-personil";s:1:"c";s:3:"web";s:1:"r";a:1:{i:0;i:2;}}i:243;a:4:{s:1:"a";i:244;s:1:"b";s:42:"read websiteapp/uploadphoto/photo-personil";s:1:"c";s:3:"web";s:1:"r";a:1:{i:0;i:2;}}i:244;a:4:{s:1:"a";i:245;s:1:"b";s:44:"update websiteapp/uploadphoto/photo-personil";s:1:"c";s:3:"web";s:1:"r";a:1:{i:0;i:2;}}i:245;a:4:{s:1:"a";i:246;s:1:"b";s:44:"delete websiteapp/uploadphoto/photo-personil";s:1:"c";s:3:"web";s:1:"r";a:1:{i:0;i:2;}}i:246;a:4:{s:1:"a";i:247;s:1:"b";s:26:"read websiteapp/halamanweb";s:1:"c";s:3:"web";s:1:"r";a:1:{i:0;i:2;}}i:247;a:4:{s:1:"a";i:248;s:1:"b";s:41:"create websiteapp/halamanweb/refleksi-mks";s:1:"c";s:3:"web";s:1:"r";a:1:{i:0;i:2;}}i:248;a:4:{s:1:"a";i:249;s:1:"b";s:39:"read websiteapp/halamanweb/refleksi-mks";s:1:"c";s:3:"web";s:1:"r";a:1:{i:0;i:2;}}i:249;a:4:{s:1:"a";i:250;s:1:"b";s:41:"update websiteapp/halamanweb/refleksi-mks";s:1:"c";s:3:"web";s:1:"r";a:1:{i:0;i:2;}}i:250;a:4:{s:1:"a";i:251;s:1:"b";s:41:"delete websiteapp/halamanweb/refleksi-mks";s:1:"c";s:3:"web";s:1:"r";a:1:{i:0;i:2;}}i:251;a:4:{s:1:"a";i:252;s:1:"b";s:47:"create websiteapp/halamanweb/organisasi-sekolah";s:1:"c";s:3:"web";s:1:"r";a:1:{i:0;i:2;}}i:252;a:4:{s:1:"a";i:253;s:1:"b";s:45:"read websiteapp/halamanweb/organisasi-sekolah";s:1:"c";s:3:"web";s:1:"r";a:1:{i:0;i:2;}}i:253;a:4:{s:1:"a";i:254;s:1:"b";s:47:"update websiteapp/halamanweb/organisasi-sekolah";s:1:"c";s:3:"web";s:1:"r";a:1:{i:0;i:2;}}i:254;a:4:{s:1:"a";i:255;s:1:"b";s:47:"delete websiteapp/halamanweb/organisasi-sekolah";s:1:"c";s:3:"web";s:1:"r";a:1:{i:0;i:2;}}i:255;a:4:{s:1:"a";i:256;s:1:"b";s:43:"create websiteapp/halamanweb/profil-jurusan";s:1:"c";s:3:"web";s:1:"r";a:1:{i:0;i:2;}}i:256;a:4:{s:1:"a";i:257;s:1:"b";s:41:"read websiteapp/halamanweb/profil-jurusan";s:1:"c";s:3:"web";s:1:"r";a:1:{i:0;i:2;}}i:257;a:4:{s:1:"a";i:258;s:1:"b";s:43:"update websiteapp/halamanweb/profil-jurusan";s:1:"c";s:3:"web";s:1:"r";a:1:{i:0;i:2;}}i:258;a:4:{s:1:"a";i:259;s:1:"b";s:43:"delete websiteapp/halamanweb/profil-jurusan";s:1:"c";s:3:"web";s:1:"r";a:1:{i:0;i:2;}}i:259;a:4:{s:1:"a";i:260;s:1:"b";s:44:"create websiteapp/halamanweb/team-pengembang";s:1:"c";s:3:"web";s:1:"r";a:1:{i:0;i:2;}}i:260;a:4:{s:1:"a";i:261;s:1:"b";s:42:"read websiteapp/halamanweb/team-pengembang";s:1:"c";s:3:"web";s:1:"r";a:1:{i:0;i:2;}}i:261;a:4:{s:1:"a";i:262;s:1:"b";s:44:"update websiteapp/halamanweb/team-pengembang";s:1:"c";s:3:"web";s:1:"r";a:1:{i:0;i:2;}}i:262;a:4:{s:1:"a";i:263;s:1:"b";s:44:"delete websiteapp/halamanweb/team-pengembang";s:1:"c";s:3:"web";s:1:"r";a:1:{i:0;i:2;}}i:263;a:4:{s:1:"a";i:264;s:1:"b";s:42:"create websiteapp/halamanweb/kumpulan-faqs";s:1:"c";s:3:"web";s:1:"r";a:1:{i:0;i:2;}}i:264;a:4:{s:1:"a";i:265;s:1:"b";s:40:"read websiteapp/halamanweb/kumpulan-faqs";s:1:"c";s:3:"web";s:1:"r";a:1:{i:0;i:2;}}i:265;a:4:{s:1:"a";i:266;s:1:"b";s:42:"update websiteapp/halamanweb/kumpulan-faqs";s:1:"c";s:3:"web";s:1:"r";a:1:{i:0;i:2;}}i:266;a:4:{s:1:"a";i:267;s:1:"b";s:42:"delete websiteapp/halamanweb/kumpulan-faqs";s:1:"c";s:3:"web";s:1:"r";a:1:{i:0;i:2;}}i:267;a:4:{s:1:"a";i:268;s:1:"b";s:43:"create websiteapp/halamanweb/daily-messages";s:1:"c";s:3:"web";s:1:"r";a:1:{i:0;i:2;}}i:268;a:4:{s:1:"a";i:269;s:1:"b";s:41:"read websiteapp/halamanweb/daily-messages";s:1:"c";s:3:"web";s:1:"r";a:1:{i:0;i:2;}}i:269;a:4:{s:1:"a";i:270;s:1:"b";s:43:"update websiteapp/halamanweb/daily-messages";s:1:"c";s:3:"web";s:1:"r";a:1:{i:0;i:2;}}i:270;a:4:{s:1:"a";i:271;s:1:"b";s:43:"delete websiteapp/halamanweb/daily-messages";s:1:"c";s:3:"web";s:1:"r";a:1:{i:0;i:2;}}i:271;a:4:{s:1:"a";i:272;s:1:"b";s:39:"create websiteapp/halamanweb/pengumuman";s:1:"c";s:3:"web";s:1:"r";a:1:{i:0;i:2;}}i:272;a:4:{s:1:"a";i:273;s:1:"b";s:37:"read websiteapp/halamanweb/pengumuman";s:1:"c";s:3:"web";s:1:"r";a:1:{i:0;i:2;}}i:273;a:4:{s:1:"a";i:274;s:1:"b";s:39:"update websiteapp/halamanweb/pengumuman";s:1:"c";s:3:"web";s:1:"r";a:1:{i:0;i:2;}}i:274;a:4:{s:1:"a";i:275;s:1:"b";s:39:"delete websiteapp/halamanweb/pengumuman";s:1:"c";s:3:"web";s:1:"r";a:1:{i:0;i:2;}}i:275;a:4:{s:1:"a";i:276;s:1:"b";s:36:"create websiteapp/halamanweb/polling";s:1:"c";s:3:"web";s:1:"r";a:1:{i:0;i:2;}}i:276;a:4:{s:1:"a";i:277;s:1:"b";s:34:"read websiteapp/halamanweb/polling";s:1:"c";s:3:"web";s:1:"r";a:1:{i:0;i:2;}}i:277;a:4:{s:1:"a";i:278;s:1:"b";s:36:"update websiteapp/halamanweb/polling";s:1:"c";s:3:"web";s:1:"r";a:1:{i:0;i:2;}}i:278;a:4:{s:1:"a";i:279;s:1:"b";s:36:"delete websiteapp/halamanweb/polling";s:1:"c";s:3:"web";s:1:"r";a:1:{i:0;i:2;}}i:279;a:4:{s:1:"a";i:280;s:1:"b";s:33:"read websiteapp/informasi-sekolah";s:1:"c";s:3:"web";s:1:"r";a:2:{i:0;i:2;i:1;i:4;}}i:280;a:4:{s:1:"a";i:281;s:1:"b";s:12:"read wakasek";s:1:"c";s:3:"web";s:1:"r";a:1:{i:0;i:6;}}i:281;a:4:{s:1:"a";i:282;s:1:"b";s:38:"create wakasek/agenda-kegiatan-wakasek";s:1:"c";s:3:"web";s:1:"r";a:1:{i:0;i:6;}}i:282;a:4:{s:1:"a";i:283;s:1:"b";s:36:"read wakasek/agenda-kegiatan-wakasek";s:1:"c";s:3:"web";s:1:"r";a:1:{i:0;i:6;}}i:283;a:4:{s:1:"a";i:284;s:1:"b";s:38:"update wakasek/agenda-kegiatan-wakasek";s:1:"c";s:3:"web";s:1:"r";a:1:{i:0;i:6;}}i:284;a:4:{s:1:"a";i:285;s:1:"b";s:38:"delete wakasek/agenda-kegiatan-wakasek";s:1:"c";s:3:"web";s:1:"r";a:1:{i:0;i:6;}}i:285;a:4:{s:1:"a";i:286;s:1:"b";s:36:"sort wakasek/agenda-kegiatan-wakasek";s:1:"c";s:3:"web";s:1:"r";a:1:{i:0;i:6;}}i:286;a:4:{s:1:"a";i:287;s:1:"b";s:31:"create wakasek/anggaran-wakasek";s:1:"c";s:3:"web";s:1:"r";a:1:{i:0;i:6;}}i:287;a:4:{s:1:"a";i:288;s:1:"b";s:29:"read wakasek/anggaran-wakasek";s:1:"c";s:3:"web";s:1:"r";a:1:{i:0;i:6;}}i:288;a:4:{s:1:"a";i:289;s:1:"b";s:31:"update wakasek/anggaran-wakasek";s:1:"c";s:3:"web";s:1:"r";a:1:{i:0;i:6;}}i:289;a:4:{s:1:"a";i:290;s:1:"b";s:30:"create wakasek/laporan-wakasek";s:1:"c";s:3:"web";s:1:"r";a:1:{i:0;i:6;}}i:290;a:4:{s:1:"a";i:291;s:1:"b";s:28:"read wakasek/laporan-wakasek";s:1:"c";s:3:"web";s:1:"r";a:1:{i:0;i:6;}}i:291;a:4:{s:1:"a";i:292;s:1:"b";s:30:"update wakasek/laporan-wakasek";s:1:"c";s:3:"web";s:1:"r";a:1:{i:0;i:6;}}i:292;a:4:{s:1:"a";i:293;s:1:"b";s:12:"read kaprodi";s:1:"c";s:3:"web";s:1:"r";a:1:{i:0;i:7;}}i:293;a:4:{s:1:"a";i:294;s:1:"b";s:29:"create kaprodi/agenda-kaprodi";s:1:"c";s:3:"web";s:1:"r";a:1:{i:0;i:7;}}i:294;a:4:{s:1:"a";i:295;s:1:"b";s:27:"read kaprodi/agenda-kaprodi";s:1:"c";s:3:"web";s:1:"r";a:1:{i:0;i:7;}}i:295;a:4:{s:1:"a";i:296;s:1:"b";s:29:"update kaprodi/agenda-kaprodi";s:1:"c";s:3:"web";s:1:"r";a:1:{i:0;i:7;}}i:296;a:4:{s:1:"a";i:297;s:1:"b";s:31:"create kaprodi/anggaran-kaprodi";s:1:"c";s:3:"web";s:1:"r";a:1:{i:0;i:7;}}i:297;a:4:{s:1:"a";i:298;s:1:"b";s:29:"read kaprodi/anggaran-kaprodi";s:1:"c";s:3:"web";s:1:"r";a:1:{i:0;i:7;}}i:298;a:4:{s:1:"a";i:299;s:1:"b";s:31:"update kaprodi/anggaran-kaprodi";s:1:"c";s:3:"web";s:1:"r";a:1:{i:0;i:7;}}i:299;a:4:{s:1:"a";i:300;s:1:"b";s:38:"create kaprodi/uji-kompetensi-keahlian";s:1:"c";s:3:"web";s:1:"r";a:1:{i:0;i:7;}}i:300;a:4:{s:1:"a";i:301;s:1:"b";s:36:"read kaprodi/uji-kompetensi-keahlian";s:1:"c";s:3:"web";s:1:"r";a:1:{i:0;i:7;}}i:301;a:4:{s:1:"a";i:302;s:1:"b";s:38:"update kaprodi/uji-kompetensi-keahlian";s:1:"c";s:3:"web";s:1:"r";a:1:{i:0;i:7;}}i:302;a:4:{s:1:"a";i:303;s:1:"b";s:38:"delete kaprodi/uji-kompetensi-keahlian";s:1:"c";s:3:"web";s:1:"r";a:1:{i:0;i:7;}}i:303;a:4:{s:1:"a";i:304;s:1:"b";s:36:"sort kaprodi/uji-kompetensi-keahlian";s:1:"c";s:3:"web";s:1:"r";a:1:{i:0;i:7;}}i:304;a:4:{s:1:"a";i:305;s:1:"b";s:35:"create kaprodi/pembagian-jam-ngajar";s:1:"c";s:3:"web";s:1:"r";a:1:{i:0;i:7;}}i:305;a:4:{s:1:"a";i:306;s:1:"b";s:33:"read kaprodi/pembagian-jam-ngajar";s:1:"c";s:3:"web";s:1:"r";a:1:{i:0;i:7;}}i:306;a:4:{s:1:"a";i:307;s:1:"b";s:35:"update kaprodi/pembagian-jam-ngajar";s:1:"c";s:3:"web";s:1:"r";a:1:{i:0;i:7;}}i:307;a:4:{s:1:"a";i:308;s:1:"b";s:27:"create kaprodi/laboratorium";s:1:"c";s:3:"web";s:1:"r";a:1:{i:0;i:7;}}i:308;a:4:{s:1:"a";i:309;s:1:"b";s:25:"read kaprodi/laboratorium";s:1:"c";s:3:"web";s:1:"r";a:1:{i:0;i:7;}}i:309;a:4:{s:1:"a";i:310;s:1:"b";s:27:"update kaprodi/laboratorium";s:1:"c";s:3:"web";s:1:"r";a:1:{i:0;i:7;}}i:310;a:4:{s:1:"a";i:311;s:1:"b";s:30:"create kaprodi/laporan-kaprodi";s:1:"c";s:3:"web";s:1:"r";a:1:{i:0;i:7;}}i:311;a:4:{s:1:"a";i:312;s:1:"b";s:28:"read kaprodi/laporan-kaprodi";s:1:"c";s:3:"web";s:1:"r";a:1:{i:0;i:7;}}i:312;a:4:{s:1:"a";i:313;s:1:"b";s:30:"update kaprodi/laporan-kaprodi";s:1:"c";s:3:"web";s:1:"r";a:1:{i:0;i:7;}}i:313;a:4:{s:1:"a";i:314;s:1:"b";s:18:"read ketatausahaan";s:1:"c";s:3:"web";s:1:"r";a:1:{i:0;i:5;}}i:314;a:4:{s:1:"a";i:315;s:1:"b";s:31:"create ketatausahaan/persuratan";s:1:"c";s:3:"web";s:1:"r";a:1:{i:0;i:5;}}i:315;a:4:{s:1:"a";i:316;s:1:"b";s:29:"read ketatausahaan/persuratan";s:1:"c";s:3:"web";s:1:"r";a:1:{i:0;i:5;}}i:316;a:4:{s:1:"a";i:317;s:1:"b";s:31:"update ketatausahaan/persuratan";s:1:"c";s:3:"web";s:1:"r";a:1:{i:0;i:5;}}i:317;a:4:{s:1:"a";i:318;s:1:"b";s:31:"delete ketatausahaan/persuratan";s:1:"c";s:3:"web";s:1:"r";a:1:{i:0;i:5;}}i:318;a:4:{s:1:"a";i:319;s:1:"b";s:29:"sort ketatausahaan/persuratan";s:1:"c";s:3:"web";s:1:"r";a:1:{i:0;i:5;}}i:319;a:4:{s:1:"a";i:320;s:1:"b";s:30:"create ketatausahaan/kesiswaan";s:1:"c";s:3:"web";s:1:"r";a:1:{i:0;i:5;}}i:320;a:4:{s:1:"a";i:321;s:1:"b";s:28:"read ketatausahaan/kesiswaan";s:1:"c";s:3:"web";s:1:"r";a:1:{i:0;i:5;}}i:321;a:4:{s:1:"a";i:322;s:1:"b";s:30:"update ketatausahaan/kesiswaan";s:1:"c";s:3:"web";s:1:"r";a:1:{i:0;i:5;}}i:322;a:4:{s:1:"a";i:323;s:1:"b";s:32:"create ketatausahaan/kepegawaian";s:1:"c";s:3:"web";s:1:"r";a:1:{i:0;i:5;}}i:323;a:4:{s:1:"a";i:324;s:1:"b";s:30:"read ketatausahaan/kepegawaian";s:1:"c";s:3:"web";s:1:"r";a:1:{i:0;i:5;}}i:324;a:4:{s:1:"a";i:325;s:1:"b";s:32:"update ketatausahaan/kepegawaian";s:1:"c";s:3:"web";s:1:"r";a:1:{i:0;i:5;}}i:325;a:4:{s:1:"a";i:326;s:1:"b";s:37:"create ketatausahaan/sarana-prasarana";s:1:"c";s:3:"web";s:1:"r";a:1:{i:0;i:5;}}i:326;a:4:{s:1:"a";i:327;s:1:"b";s:35:"read ketatausahaan/sarana-prasarana";s:1:"c";s:3:"web";s:1:"r";a:1:{i:0;i:5;}}i:327;a:4:{s:1:"a";i:328;s:1:"b";s:37:"update ketatausahaan/sarana-prasarana";s:1:"c";s:3:"web";s:1:"r";a:1:{i:0;i:5;}}i:328;a:4:{s:1:"a";i:329;s:1:"b";s:37:"create ketatausahaan/manajemen-barang";s:1:"c";s:3:"web";s:1:"r";a:1:{i:0;i:5;}}i:329;a:4:{s:1:"a";i:330;s:1:"b";s:35:"read ketatausahaan/manajemen-barang";s:1:"c";s:3:"web";s:1:"r";a:1:{i:0;i:5;}}i:330;a:4:{s:1:"a";i:331;s:1:"b";s:37:"update ketatausahaan/manajemen-barang";s:1:"c";s:3:"web";s:1:"r";a:1:{i:0;i:5;}}i:331;a:4:{s:1:"a";i:332;s:1:"b";s:41:"create ketatausahaan/agenda-ketatausahaan";s:1:"c";s:3:"web";s:1:"r";a:1:{i:0;i:5;}}i:332;a:4:{s:1:"a";i:333;s:1:"b";s:39:"read ketatausahaan/agenda-ketatausahaan";s:1:"c";s:3:"web";s:1:"r";a:1:{i:0;i:5;}}i:333;a:4:{s:1:"a";i:334;s:1:"b";s:41:"update ketatausahaan/agenda-ketatausahaan";s:1:"c";s:3:"web";s:1:"r";a:1:{i:0;i:5;}}i:334;a:4:{s:1:"a";i:335;s:1:"b";s:43:"create ketatausahaan/anggaran-ketatausahaan";s:1:"c";s:3:"web";s:1:"r";a:1:{i:0;i:5;}}i:335;a:4:{s:1:"a";i:336;s:1:"b";s:41:"read ketatausahaan/anggaran-ketatausahaan";s:1:"c";s:3:"web";s:1:"r";a:1:{i:0;i:5;}}i:336;a:4:{s:1:"a";i:337;s:1:"b";s:43:"update ketatausahaan/anggaran-ketatausahaan";s:1:"c";s:3:"web";s:1:"r";a:1:{i:0;i:5;}}i:337;a:4:{s:1:"a";i:338;s:1:"b";s:42:"create ketatausahaan/laporan-ketatausahaan";s:1:"c";s:3:"web";s:1:"r";a:1:{i:0;i:5;}}i:338;a:4:{s:1:"a";i:339;s:1:"b";s:40:"read ketatausahaan/laporan-ketatausahaan";s:1:"c";s:3:"web";s:1:"r";a:1:{i:0;i:5;}}i:339;a:4:{s:1:"a";i:340;s:1:"b";s:42:"update ketatausahaan/laporan-ketatausahaan";s:1:"c";s:3:"web";s:1:"r";a:1:{i:0;i:5;}}i:340;a:4:{s:1:"a";i:341;s:1:"b";s:9:"read bpbk";s:1:"c";s:3:"web";s:1:"r";a:1:{i:0;i:20;}}i:341;a:4:{s:1:"a";i:342;s:1:"b";s:27:"create bpbk/konseling-siswa";s:1:"c";s:3:"web";s:1:"r";a:1:{i:0;i:20;}}i:342;a:4:{s:1:"a";i:343;s:1:"b";s:25:"read bpbk/konseling-siswa";s:1:"c";s:3:"web";s:1:"r";a:1:{i:0;i:20;}}i:343;a:4:{s:1:"a";i:344;s:1:"b";s:27:"update bpbk/konseling-siswa";s:1:"c";s:3:"web";s:1:"r";a:1:{i:0;i:20;}}i:344;a:4:{s:1:"a";i:345;s:1:"b";s:27:"delete bpbk/konseling-siswa";s:1:"c";s:3:"web";s:1:"r";a:1:{i:0;i:20;}}i:345;a:4:{s:1:"a";i:346;s:1:"b";s:25:"sort bpbk/konseling-siswa";s:1:"c";s:3:"web";s:1:"r";a:1:{i:0;i:20;}}i:346;a:4:{s:1:"a";i:347;s:1:"b";s:20:"create bpbk/data-kip";s:1:"c";s:3:"web";s:1:"r";a:1:{i:0;i:20;}}i:347;a:4:{s:1:"a";i:348;s:1:"b";s:18:"read bpbk/data-kip";s:1:"c";s:3:"web";s:1:"r";a:1:{i:0;i:20;}}i:348;a:4:{s:1:"a";i:349;s:1:"b";s:20:"update bpbk/data-kip";s:1:"c";s:3:"web";s:1:"r";a:1:{i:0;i:20;}}i:349;a:4:{s:1:"a";i:350;s:1:"b";s:22:"create bpbk/home-visit";s:1:"c";s:3:"web";s:1:"r";a:1:{i:0;i:20;}}i:350;a:4:{s:1:"a";i:351;s:1:"b";s:20:"read bpbk/home-visit";s:1:"c";s:3:"web";s:1:"r";a:1:{i:0;i:20;}}i:351;a:4:{s:1:"a";i:352;s:1:"b";s:22:"update bpbk/home-visit";s:1:"c";s:3:"web";s:1:"r";a:1:{i:0;i:20;}}i:352;a:4:{s:1:"a";i:353;s:1:"b";s:30:"create bpbk/melanjutkan-kuliah";s:1:"c";s:3:"web";s:1:"r";a:1:{i:0;i:20;}}i:353;a:4:{s:1:"a";i:354;s:1:"b";s:28:"read bpbk/melanjutkan-kuliah";s:1:"c";s:3:"web";s:1:"r";a:1:{i:0;i:20;}}i:354;a:4:{s:1:"a";i:355;s:1:"b";s:30:"update bpbk/melanjutkan-kuliah";s:1:"c";s:3:"web";s:1:"r";a:1:{i:0;i:20;}}i:355;a:4:{s:1:"a";i:356;s:1:"b";s:31:"create bpbk/penelusuran-lulusan";s:1:"c";s:3:"web";s:1:"r";a:1:{i:0;i:20;}}i:356;a:4:{s:1:"a";i:357;s:1:"b";s:29:"read bpbk/penelusuran-lulusan";s:1:"c";s:3:"web";s:1:"r";a:1:{i:0;i:20;}}i:357;a:4:{s:1:"a";i:358;s:1:"b";s:31:"update bpbk/penelusuran-lulusan";s:1:"c";s:3:"web";s:1:"r";a:1:{i:0;i:20;}}i:358;a:4:{s:1:"a";i:359;s:1:"b";s:26:"create bpbk/anggaran-bp-bk";s:1:"c";s:3:"web";s:1:"r";a:1:{i:0;i:20;}}i:359;a:4:{s:1:"a";i:360;s:1:"b";s:24:"read bpbk/anggaran-bp-bk";s:1:"c";s:3:"web";s:1:"r";a:1:{i:0;i:20;}}i:360;a:4:{s:1:"a";i:361;s:1:"b";s:26:"update bpbk/anggaran-bp-bk";s:1:"c";s:3:"web";s:1:"r";a:1:{i:0;i:20;}}i:361;a:4:{s:1:"a";i:362;s:1:"b";s:25:"create bpbk/laporan-bp-bk";s:1:"c";s:3:"web";s:1:"r";a:1:{i:0;i:20;}}i:362;a:4:{s:1:"a";i:363;s:1:"b";s:23:"read bpbk/laporan-bp-bk";s:1:"c";s:3:"web";s:1:"r";a:1:{i:0;i:20;}}i:363;a:4:{s:1:"a";i:364;s:1:"b";s:25:"update bpbk/laporan-bp-bk";s:1:"c";s:3:"web";s:1:"r";a:1:{i:0;i:20;}}}s:5:"roles";a:12:{i:0;a:3:{s:1:"a";i:3;s:1:"b";s:6:"kepsek";s:1:"c";s:3:"web";}i:1;a:3:{s:1:"a";i:4;s:1:"b";s:4:"guru";s:1:"c";s:3:"web";}i:2;a:3:{s:1:"a";i:5;s:1:"b";s:9:"tatausaha";s:1:"c";s:3:"web";}i:3;a:3:{s:1:"a";i:10;s:1:"b";s:5:"siswa";s:1:"c";s:3:"web";}i:4;a:3:{s:1:"a";i:2;s:1:"b";s:5:"admin";s:1:"c";s:3:"web";}i:5;a:3:{s:1:"a";i:40;s:1:"b";s:6:"wakaps";s:1:"c";s:3:"web";}i:6;a:3:{s:1:"a";i:41;s:1:"b";s:10:"stafwakaps";s:1:"c";s:3:"web";}i:7;a:3:{s:1:"a";i:32;s:1:"b";s:13:"wakakurikulum";s:1:"c";s:3:"web";}i:8;a:3:{s:1:"a";i:33;s:1:"b";s:17:"stafwakakurikulum";s:1:"c";s:3:"web";}i:9;a:3:{s:1:"a";i:6;s:1:"b";s:7:"wakasek";s:1:"c";s:3:"web";}i:10;a:3:{s:1:"a";i:7;s:1:"b";s:6:"kaprog";s:1:"c";s:3:"web";}i:11;a:3:{s:1:"a";i:20;s:1:"b";s:4:"bpbk";s:1:"c";s:3:"web";}}}', 1774691794),
	('laravel-cache-test@gmail.com|127.0.0.1', 'i:1;', 1774605395),
	('laravel-cache-test@gmail.com|127.0.0.1:timer', 'i:1774605395;', 1774605395);

-- Dumping structure for table metronic832-neo.cache_locks
DROP TABLE IF EXISTS `cache_locks`;
CREATE TABLE IF NOT EXISTS `cache_locks` (
  `key` varchar(255) COLLATE utf8mb4_unicode_ci NOT NULL,
  `owner` varchar(255) COLLATE utf8mb4_unicode_ci NOT NULL,
  `expiration` int NOT NULL,
  PRIMARY KEY (`key`),
  KEY `cache_locks_expiration_index` (`expiration`)
) ENGINE=InnoDB DEFAULT CHARSET=utf8mb4 COLLATE=utf8mb4_unicode_ci;

-- Dumping data for table metronic832-neo.cache_locks: ~0 rows (approximately)
DELETE FROM `cache_locks`;

-- Dumping structure for table metronic832-neo.failed_jobs
DROP TABLE IF EXISTS `failed_jobs`;
CREATE TABLE IF NOT EXISTS `failed_jobs` (
  `id` bigint unsigned NOT NULL AUTO_INCREMENT,
  `uuid` varchar(255) COLLATE utf8mb4_unicode_ci NOT NULL,
  `connection` text COLLATE utf8mb4_unicode_ci NOT NULL,
  `queue` text COLLATE utf8mb4_unicode_ci NOT NULL,
  `payload` longtext COLLATE utf8mb4_unicode_ci NOT NULL,
  `exception` longtext COLLATE utf8mb4_unicode_ci NOT NULL,
  `failed_at` timestamp NOT NULL DEFAULT CURRENT_TIMESTAMP,
  PRIMARY KEY (`id`),
  UNIQUE KEY `failed_jobs_uuid_unique` (`uuid`)
) ENGINE=InnoDB DEFAULT CHARSET=utf8mb4 COLLATE=utf8mb4_unicode_ci;

-- Dumping data for table metronic832-neo.failed_jobs: ~0 rows (approximately)
DELETE FROM `failed_jobs`;

-- Dumping structure for table metronic832-neo.jobs
DROP TABLE IF EXISTS `jobs`;
CREATE TABLE IF NOT EXISTS `jobs` (
  `id` bigint unsigned NOT NULL AUTO_INCREMENT,
  `queue` varchar(255) COLLATE utf8mb4_unicode_ci NOT NULL,
  `payload` longtext COLLATE utf8mb4_unicode_ci NOT NULL,
  `attempts` tinyint unsigned NOT NULL,
  `reserved_at` int unsigned DEFAULT NULL,
  `available_at` int unsigned NOT NULL,
  `created_at` int unsigned NOT NULL,
  PRIMARY KEY (`id`),
  KEY `jobs_queue_index` (`queue`)
) ENGINE=InnoDB DEFAULT CHARSET=utf8mb4 COLLATE=utf8mb4_unicode_ci;

-- Dumping data for table metronic832-neo.jobs: ~0 rows (approximately)
DELETE FROM `jobs`;

-- Dumping structure for table metronic832-neo.job_batches
DROP TABLE IF EXISTS `job_batches`;
CREATE TABLE IF NOT EXISTS `job_batches` (
  `id` varchar(255) COLLATE utf8mb4_unicode_ci NOT NULL,
  `name` varchar(255) COLLATE utf8mb4_unicode_ci NOT NULL,
  `total_jobs` int NOT NULL,
  `pending_jobs` int NOT NULL,
  `failed_jobs` int NOT NULL,
  `failed_job_ids` longtext COLLATE utf8mb4_unicode_ci NOT NULL,
  `options` mediumtext COLLATE utf8mb4_unicode_ci,
  `cancelled_at` int DEFAULT NULL,
  `created_at` int NOT NULL,
  `finished_at` int DEFAULT NULL,
  PRIMARY KEY (`id`)
) ENGINE=InnoDB DEFAULT CHARSET=utf8mb4 COLLATE=utf8mb4_unicode_ci;

-- Dumping data for table metronic832-neo.job_batches: ~0 rows (approximately)
DELETE FROM `job_batches`;

-- Dumping structure for table metronic832-neo.menus
DROP TABLE IF EXISTS `menus`;
CREATE TABLE IF NOT EXISTS `menus` (
  `id` bigint unsigned NOT NULL AUTO_INCREMENT,
  `name` varchar(255) COLLATE utf8mb4_unicode_ci NOT NULL,
  `url` varchar(255) COLLATE utf8mb4_unicode_ci NOT NULL,
  `category` varchar(255) COLLATE utf8mb4_unicode_ci DEFAULT NULL,
  `icon` varchar(255) COLLATE utf8mb4_unicode_ci DEFAULT NULL,
  `paths` tinyint unsigned DEFAULT NULL,
  `meta` json DEFAULT NULL,
  `active` tinyint(1) NOT NULL DEFAULT '1',
  `orders` int NOT NULL DEFAULT '0',
  `main_menu_id` bigint unsigned DEFAULT NULL,
  `created_at` timestamp NULL DEFAULT NULL,
  `updated_at` timestamp NULL DEFAULT NULL,
  PRIMARY KEY (`id`),
  KEY `menus_main_menu_id_foreign` (`main_menu_id`),
  CONSTRAINT `menus_main_menu_id_foreign` FOREIGN KEY (`main_menu_id`) REFERENCES `menus` (`id`)
) ENGINE=InnoDB AUTO_INCREMENT=122 DEFAULT CHARSET=utf8mb4 COLLATE=utf8mb4_unicode_ci;

-- Dumping data for table metronic832-neo.menus: ~121 rows (approximately)
DELETE FROM `menus`;
INSERT INTO `menus` (`id`, `name`, `url`, `category`, `icon`, `paths`, `meta`, `active`, `orders`, `main_menu_id`, `created_at`, `updated_at`) VALUES
	(1, 'Profil Pengguna', 'profil-pengguna', 'IDENTITAS PENGGUNA', 'ki-duotone ki-profile-circle fs-2', 3, '{"title_key": "idp_profil_pengguna"}', 1, 1, NULL, '2026-03-05 10:31:28', '2026-03-05 10:31:28'),
	(2, 'Kata Sandi', 'password-pengguna', 'IDENTITAS PENGGUNA', 'ki-duotone ki-key fs-2', 2, '{"title_key": "idp_kata_sandi"}', 1, 2, NULL, '2026-03-05 10:31:28', '2026-03-05 10:31:28'),
	(3, 'Manajemen Pengguna', 'manajemenpengguna', 'MASTER DATA', 'ki-duotone ki-lock-3 fs-2', 3, '{"title_key": "md_manajemen_pengguna"}', 1, 3, NULL, '2026-03-05 10:31:28', '2026-03-05 10:31:28'),
	(4, 'Role', 'manajemenpengguna/roles', 'MASTER DATA', NULL, NULL, '{"title_key": "md_role"}', 1, 4, 3, '2026-03-05 10:31:28', '2026-03-05 10:31:28'),
	(5, 'Permission', 'manajemenpengguna/permissions', 'MASTER DATA', NULL, NULL, '{"title_key": "md_permission"}', 1, 5, 3, '2026-03-05 10:31:28', '2026-03-05 10:31:28'),
	(6, 'Akses Role', 'manajemenpengguna/akses-role', 'MASTER DATA', NULL, NULL, '{"title_key": "md_akses_role"}', 1, 6, 3, '2026-03-05 10:31:28', '2026-03-05 10:31:28'),
	(7, 'Akses User', 'manajemenpengguna/akses-user', 'MASTER DATA', NULL, NULL, '{"title_key": "md_akses_user"}', 1, 7, 3, '2026-03-05 10:31:28', '2026-03-05 10:31:28'),
	(8, 'User', 'manajemenpengguna/users', 'MASTER DATA', NULL, NULL, '{"title_key": "md_user"}', 1, 8, 3, '2026-03-05 10:31:28', '2026-03-05 10:31:28'),
	(9, 'App Support', 'appsupport', 'MASTER DATA', 'ki-duotone ki-abstract-28 fs-2', 2, '{"title_key": "md_app_support"}', 1, 9, NULL, '2026-03-05 10:31:28', '2026-03-05 10:31:28'),
	(10, 'Menu', 'appsupport/menu', 'MASTER DATA', NULL, NULL, '{"title_key": "md_menu"}', 1, 10, 9, '2026-03-05 10:31:28', '2026-03-05 10:31:28'),
	(11, 'App Profil', 'appsupport/app-profil', 'MASTER DATA', NULL, NULL, '{"title_key": "md_app_profil"}', 1, 11, 9, '2026-03-05 10:31:28', '2026-03-05 10:31:28'),
	(12, 'App Fitur', 'appsupport/app-fiturs', 'MASTER DATA', NULL, NULL, '{"title_key": "md_app_fitur"}', 1, 12, 9, '2026-03-05 10:31:28', '2026-03-05 10:31:28'),
	(13, 'Impor Data Master', 'appsupport/impor-data-master', 'MASTER DATA', NULL, NULL, '{"title_key": "md_impor_data_master"}', 1, 13, 9, '2026-03-05 10:31:28', '2026-03-05 10:31:28'),
	(14, 'Ekspor Data Master', 'appsupport/ekspor-data-master', 'MASTER DATA', NULL, NULL, '{"title_key": "md_ekspor_data_master"}', 1, 14, 9, '2026-03-05 10:31:28', '2026-03-05 10:31:28'),
	(15, 'Backup DB', 'appsupport/backup-db', 'MASTER DATA', NULL, NULL, '{"title_key": "md_backup_db"}', 1, 15, 9, '2026-03-05 10:31:28', '2026-03-05 10:31:28'),
	(16, 'Data Login', 'appsupport/data-login', 'MASTER DATA', NULL, NULL, '{"title_key": "md_data_login"}', 1, 16, 9, '2026-03-05 10:31:28', '2026-03-05 10:31:28'),
	(17, 'Referensi', 'appsupport/referensi', 'MASTER DATA', NULL, NULL, '{"title_key": "md_referensi"}', 1, 17, 9, '2026-03-05 10:31:28', '2026-03-05 10:31:28'),
	(18, 'Manajemen Sekolah', 'manajemensekolah', 'MASTER DATA', 'ki-duotone ki-faceid fs-2', 6, '{"title_key": "md_manajemen_sekolah"}', 1, 18, NULL, '2026-03-05 10:31:28', '2026-03-05 10:31:28'),
	(19, 'Tahun Ajaran', 'manajemensekolah/tahun-ajaran', 'MASTER DATA', NULL, NULL, '{"title_key": "md_tahun_ajaran"}', 1, 19, 18, '2026-03-05 10:31:28', '2026-03-05 10:31:28'),
	(20, 'Identitas Sekolah', 'manajemensekolah/identitas-sekolah', 'MASTER DATA', NULL, NULL, '{"title_key": "md_identitas_sekolah"}', 1, 20, 18, '2026-03-05 10:31:28', '2026-03-05 10:31:28'),
	(21, 'Data Keahlian', 'manajemensekolah/datakeahlian', 'MASTER DATA', NULL, NULL, '{"title_key": "md_data_keahlian"}', 1, 21, 18, '2026-03-05 10:31:28', '2026-03-05 10:31:28'),
	(22, 'Bidang Keahlian', 'manajemensekolah/datakeahlian/bidang-keahlian', 'MASTER DATA', NULL, NULL, '{"title_key": "md_bidang_keahlian"}', 1, 22, 21, '2026-03-05 10:31:28', '2026-03-05 10:31:28'),
	(23, 'Program Keahlian', 'manajemensekolah/datakeahlian/program-keahlian', 'MASTER DATA', NULL, NULL, '{"title_key": "md_program_keahlian"}', 1, 23, 21, '2026-03-05 10:31:28', '2026-03-05 10:31:28'),
	(24, 'Kompetensi Keahlian', 'manajemensekolah/datakeahlian/kompetensi-keahlian', 'MASTER DATA', NULL, NULL, '{"title_key": "md_kompetensi_keahlian"}', 1, 24, 21, '2026-03-05 10:31:28', '2026-03-05 10:31:28'),
	(25, 'Data Personil', 'manajemensekolah/personil', 'MASTER DATA', NULL, NULL, '{"title_key": "md_data_personil"}', 1, 25, 18, '2026-03-05 10:31:28', '2026-03-05 10:31:28'),
	(26, 'Personil Sekolah', 'manajemensekolah/personil/personil-sekolah', 'MASTER DATA', NULL, NULL, '{"title_key": "md_personil_sekolah"}', 1, 26, 25, '2026-03-05 10:31:28', '2026-03-05 10:31:28'),
	(27, 'Peserta Didik', 'manajemensekolah/personil/peserta-didik', 'MASTER DATA', NULL, NULL, '{"title_key": "md_peserta_didik"}', 1, 27, 25, '2026-03-05 10:31:28', '2026-03-05 10:31:28'),
	(28, 'Tim Manajemen', 'manajemensekolah/timmanajemen', 'MASTER DATA', NULL, NULL, '{"title_key": "md_tim_manajemen"}', 1, 28, 18, '2026-03-05 10:31:28', '2026-03-05 10:31:28'),
	(29, 'Kepala Sekolah', 'manajemensekolah/timmanajemen/kepala-sekolah', 'MASTER DATA', NULL, NULL, '{"title_key": "md_kepala_sekolah"}', 1, 29, 28, '2026-03-05 10:31:28', '2026-03-05 10:31:28'),
	(30, 'Wakil Kepala Sekolah', 'manajemensekolah/timmanajemen/wakil-kepala-sekolah', 'MASTER DATA', NULL, NULL, '{"title_key": "md_wakil_kepala_sekolah"}', 1, 30, 28, '2026-03-05 10:31:28', '2026-03-05 10:31:28'),
	(31, 'Ketua Program Studi', 'manajemensekolah/timmanajemen/ketua-program-studi', 'MASTER DATA', NULL, NULL, '{"title_key": "md_ketua_program_studi"}', 1, 31, 28, '2026-03-05 10:31:28', '2026-03-05 10:31:28'),
	(32, 'Jabatan Lain', 'manajemensekolah/timmanajemen/jabatan-lain', 'MASTER DATA', NULL, NULL, '{"title_key": "md_jabatan_lain"}', 1, 32, 28, '2026-03-05 10:31:28', '2026-03-05 10:31:28'),
	(33, 'Pengembang Sekolah', 'manajemensekolah/pengembangsekolah', 'MASTER DATA', NULL, NULL, '{"title_key": "md_pengembang_sekolah"}', 1, 33, 18, '2026-03-05 10:31:28', '2026-03-05 10:31:28'),
	(34, 'Manajemen Mutu', 'manajemensekolah/pengembangsekolah/manajemen-mutu', 'MASTER DATA', NULL, NULL, '{"title_key": "md_manajemen_mutu"}', 1, 34, 33, '2026-03-05 10:31:28', '2026-03-05 10:31:28'),
	(35, 'Dokumen Mutu', 'manajemensekolah/pengembangsekolah/dokumen-mutu', 'MASTER DATA', NULL, NULL, '{"title_key": "md_dokumen_mutu"}', 1, 35, 33, '2026-03-05 10:31:29', '2026-03-05 10:31:29'),
	(36, 'Lampiran Dokumen', 'manajemensekolah/pengembangsekolah/lampiran-dokumen', 'MASTER DATA', NULL, NULL, '{"title_key": "md_lampiran_dokumen"}', 1, 36, 33, '2026-03-05 10:31:29', '2026-03-05 10:31:29'),
	(37, 'Kurikulum', 'kurikulum', 'MASTER DATA', 'ki-duotone ki-book-open fs-2', 4, '{"title_key": "md_kurikulum"}', 1, 37, NULL, '2026-03-05 10:31:29', '2026-03-05 10:31:29'),
	(38, 'Perangkat Kurikulum', 'kurikulum/perangkatkurikulum', 'MASTER DATA', NULL, NULL, '{"title_key": "md_perangkat_kurikulum"}', 1, 38, 37, '2026-03-05 10:31:29', '2026-03-05 10:31:29'),
	(39, 'Versi Kurikulum', 'kurikulum/perangkatkurikulum/versi-kurikulum', 'MASTER DATA', NULL, NULL, '{"title_key": "md_versi_kurikulum"}', 1, 39, 38, '2026-03-05 10:31:29', '2026-03-05 10:31:29'),
	(40, 'Rombongan Belajar', 'kurikulum/perangkatkurikulum/rombongan-belajar', 'MASTER DATA', NULL, NULL, '{"title_key": "md_rombongan_belajar"}', 1, 40, 38, '2026-03-05 10:31:29', '2026-03-05 10:31:29'),
	(41, 'Wali Kelas', 'kurikulum/perangkatkurikulum/wali-kelas', 'MASTER DATA', NULL, NULL, '{"title_key": "md_wali_kelas"}', 1, 41, 38, '2026-03-05 10:31:29', '2026-03-05 10:31:29'),
	(42, 'Peserta Didik Rombel', 'kurikulum/perangkatkurikulum/peserta-didik-rombel', 'MASTER DATA', NULL, NULL, '{"title_key": "md_peserta_didik_rombel"}', 1, 42, 38, '2026-03-05 10:31:29', '2026-03-05 10:31:29'),
	(43, 'Guru Wali', 'kurikulum/perangkatkurikulum/guru-wali', 'MASTER DATA', NULL, NULL, '{"title_key": "md_guru_wali"}', 1, 43, 38, '2026-03-05 10:31:29', '2026-03-05 10:31:29'),
	(44, 'Data KBM', 'kurikulum/datakbm', 'MASTER DATA', NULL, NULL, '{"title_key": "md_data_kbm"}', 1, 44, 37, '2026-03-05 10:31:29', '2026-03-05 10:31:29'),
	(45, 'Mata Pelajaran', 'kurikulum/datakbm/mata-pelajaran', 'MASTER DATA', NULL, NULL, '{"title_key": "md_mata_pelajaran"}', 1, 45, 44, '2026-03-05 10:31:29', '2026-03-05 10:31:29'),
	(46, 'Mata Pelajaran per Jurusan', 'kurikulum/datakbm/mata-pelajaran-jurusan', 'MASTER DATA', NULL, NULL, '{"title_key": "md_mata_pelajaran_jurusan"}', 1, 46, 44, '2026-03-05 10:31:29', '2026-03-05 10:31:29'),
	(47, 'Capaian Pembelajaran', 'kurikulum/datakbm/capaian-pembelajaran', 'MASTER DATA', NULL, NULL, '{"title_key": "md_capaian_pembelajaran"}', 1, 47, 44, '2026-03-05 10:31:29', '2026-03-05 10:31:29'),
	(48, 'KBM Per Rombel', 'kurikulum/datakbm/kbm-per-rombel', 'MASTER DATA', NULL, NULL, '{"title_key": "md_kbm_per_rombel"}', 1, 48, 44, '2026-03-05 10:31:29', '2026-03-05 10:31:29'),
	(49, 'Kunci Data KBM', 'kurikulum/datakbm/kunci-datakbm', 'MASTER DATA', NULL, NULL, '{"title_key": "md_kunci_data_kbm"}', 1, 49, 44, '2026-03-05 10:31:29', '2026-03-05 10:31:29'),
	(50, 'Penjadwalan', 'kurikulum/penjadwalan', 'MASTER DATA', NULL, NULL, '{"title_key": "md_penjadwalan"}', 1, 50, 37, '2026-03-05 10:31:29', '2026-03-05 10:31:29'),
	(51, 'Hari Efektif', 'kurikulum/penjadwalan/hari-efektif', 'MASTER DATA', NULL, NULL, '{"title_key": "md_hari_efektif"}', 1, 51, 50, '2026-03-05 10:31:29', '2026-03-05 10:31:29'),
	(52, 'Events', 'kurikulum/penjadwalan/events', 'MASTER DATA', NULL, NULL, '{"title_key": "md_events"}', 1, 52, 50, '2026-03-05 10:31:29', '2026-03-05 10:31:29'),
	(53, 'Jadwal Ngajar', 'kurikulum/penjadwalan/jadwalngajar', 'MASTER DATA', NULL, NULL, '{"title_key": "md_jadwal_ngajar"}', 1, 53, 50, '2026-03-05 10:31:29', '2026-03-05 10:31:29'),
	(54, 'Jadwal Mingguan', 'kurikulum/penjadwalan/jadwalngajar/jadwal-mingguan', 'MASTER DATA', NULL, NULL, '{"title_key": "md_jadwal_mingguan"}', 1, 54, 53, '2026-03-05 10:31:29', '2026-03-05 10:31:29'),
	(55, 'Jadwal per Rombel', 'kurikulum/penjadwalan/jadwalngajar/jadwal-per-rombel', 'MASTER DATA', NULL, NULL, '{"title_key": "md_jadwal_per_rombel"}', 1, 55, 53, '2026-03-05 10:31:29', '2026-03-05 10:31:29'),
	(56, 'Jadwal per Guru', 'kurikulum/penjadwalan/jadwalngajar/jadwal-per-guru', 'MASTER DATA', NULL, NULL, '{"title_key": "md_jadwal_per_guru"}', 1, 56, 53, '2026-03-05 10:31:29', '2026-03-05 10:31:29'),
	(57, 'Jadwal Harian', 'kurikulum/penjadwalan/jadwalngajar/jadwal-per-hari', 'MASTER DATA', NULL, NULL, '{"title_key": "md_jadwal_harian"}', 1, 57, 53, '2026-03-05 10:31:29', '2026-03-05 10:31:29'),
	(58, 'Perangkat Ujian', 'kurikulum/perangkatujian', 'MASTER DATA', NULL, NULL, '{"title_key": "md_perangkat_ujian"}', 1, 58, 37, '2026-03-05 10:31:29', '2026-03-05 10:31:29'),
	(59, 'Identitas Ujian', 'kurikulum/perangkatujian/identitas-ujian', 'MASTER DATA', NULL, NULL, '{"title_key": "md_identitas_ujian"}', 1, 59, 58, '2026-03-05 10:31:29', '2026-03-05 10:31:29'),
	(60, 'Administrasi Ujian', 'kurikulum/perangkatujian/administrasiujian', 'MASTER DATA', NULL, NULL, '{"title_key": "md_administrasi_ujian"}', 1, 60, 58, '2026-03-05 10:31:29', '2026-03-05 10:31:29'),
	(61, 'Ruang Ujian', 'kurikulum/perangkatujian/administrasiujian/ruang-ujian', 'MASTER DATA', NULL, NULL, '{"title_key": "md_ruang_ujian"}', 1, 61, 60, '2026-03-05 10:31:29', '2026-03-05 10:31:29'),
	(62, 'Peserta Ujian', 'kurikulum/perangkatujian/administrasiujian/peserta-ujian', 'MASTER DATA', NULL, NULL, '{"title_key": "md_peserta_ujian"}', 1, 62, 60, '2026-03-05 10:31:29', '2026-03-05 10:31:29'),
	(63, 'Jadwal Ujian', 'kurikulum/perangkatujian/administrasiujian/jadwal-ujian', 'MASTER DATA', NULL, NULL, '{"title_key": "md_jadwal_ujian"}', 1, 63, 60, '2026-03-05 10:31:29', '2026-03-05 10:31:29'),
	(64, 'Pengawas Ujian', 'kurikulum/perangkatujian/administrasiujian/pengawas-ujian', 'MASTER DATA', NULL, NULL, '{"title_key": "md_pengawas_ujian"}', 1, 64, 60, '2026-03-05 10:31:29', '2026-03-05 10:31:29'),
	(65, 'Token Ujian', 'kurikulum/perangkatujian/administrasiujian/token-ujian', 'MASTER DATA', NULL, NULL, '{"title_key": "md_token_ujian"}', 1, 65, 60, '2026-03-05 10:31:29', '2026-03-05 10:31:29'),
	(66, 'Denah Ruangan', 'kurikulum/perangkatujian/administrasiujian/denah-ruangan', 'MASTER DATA', NULL, NULL, '{"title_key": "md_denah_ruangan"}', 1, 66, 60, '2026-03-05 10:31:29', '2026-03-05 10:31:29'),
	(67, 'Panitia Ujian', 'kurikulum/perangkatujian/administrasiujian/panitia-ujian', 'MASTER DATA', NULL, NULL, '{"title_key": "md_panitia_ujian"}', 1, 67, 60, '2026-03-05 10:31:29', '2026-03-05 10:31:29'),
	(68, 'Cetak Administrasi', 'kurikulum/perangkatujian/cetakadministrasi', 'MASTER DATA', NULL, NULL, '{"title_key": "md_cetak_administrasi"}', 1, 68, 58, '2026-03-05 10:31:29', '2026-03-05 10:31:29'),
	(69, 'Berkas Administrasi', 'kurikulum/perangkatujian/cetakadministrasi/berkas-administrasi', 'MASTER DATA', NULL, NULL, '{"title_key": "md_berkas_administrasi"}', 1, 69, 68, '2026-03-05 10:31:29', '2026-03-05 10:31:29'),
	(70, 'Pelaksanaan Ujian', 'kurikulum/perangkatujian/cetakadministrasi/pelaksanaan-ujian', 'MASTER DATA', NULL, NULL, '{"title_key": "md_pelaksanaan_ujian"}', 1, 70, 68, '2026-03-05 10:31:29', '2026-03-05 10:31:29'),
	(71, 'Dokumen Guru', 'kurikulum/dokumenguru', 'MASTER DATA', NULL, NULL, '{"title_key": "md_dokumen_guru"}', 1, 71, 37, '2026-03-05 10:31:29', '2026-03-05 10:31:29'),
	(72, 'Guru Mata Pelajaran', 'kurikulum/dokumenguru/arsip-gurumapel', 'MASTER DATA', NULL, NULL, '{"title_key": "md_guru_mata_pelajaran"}', 1, 72, 71, '2026-03-05 10:31:29', '2026-03-05 10:31:29'),
	(73, 'Wali Kelas', 'kurikulum/dokumenguru/arsip-walikelas', 'MASTER DATA', NULL, NULL, '{"title_key": "md_wali_kelas"}', 1, 73, 71, '2026-03-05 10:31:29', '2026-03-05 10:31:29'),
	(74, 'Guru Wali', 'kurikulum/dokumenguru/arsip-guruwali', 'MASTER DATA', NULL, NULL, '{"title_key": "md_guru_wali"}', 1, 74, 71, '2026-03-05 10:31:29', '2026-03-05 10:31:29'),
	(75, 'Administrasi KBM', 'kurikulum/dokumenguru/administrasi-kbm', 'MASTER DATA', NULL, NULL, '{"title_key": "md_administrasi_kbm"}', 1, 75, 71, '2026-03-05 10:31:29', '2026-03-05 10:31:29'),
	(76, 'Perangkat Ajar', 'kurikulum/dokumenguru/perangkat-ajar', 'MASTER DATA', NULL, NULL, '{"title_key": "md_perangkat_ajar"}', 1, 76, 71, '2026-03-05 10:31:29', '2026-03-05 10:31:29'),
	(77, 'Web Site App', 'websiteapp', 'MASTER DATA', 'ki-duotone ki-abstract-20 fs-2', 2, '{"title_key": "md_aplikasi_web"}', 1, 77, NULL, '2026-03-05 10:31:29', '2026-03-05 10:31:29'),
	(78, 'Upload Photo', 'websiteapp/uploadphoto', 'MASTER DATA', NULL, NULL, '{"title_key": "md_upload_photo"}', 1, 78, 77, '2026-03-05 10:31:29', '2026-03-05 10:31:29'),
	(79, 'Photo Slide', 'websiteapp/uploadphoto/photo-slide', 'MASTER DATA', NULL, NULL, '{"title_key": "md_photo_slide"}', 1, 79, 78, '2026-03-05 10:31:29', '2026-03-05 10:31:29'),
	(80, 'Gallery Photo', 'websiteapp/uploadphoto/gallery-photo', 'MASTER DATA', NULL, NULL, '{"title_key": "md_gallery_photo"}', 1, 80, 78, '2026-03-05 10:31:30', '2026-03-05 10:31:30'),
	(81, 'Photo Jurusan', 'websiteapp/uploadphoto/photo-jurusan', 'MASTER DATA', NULL, NULL, '{"title_key": "md_photo_jurusan"}', 1, 81, 78, '2026-03-05 10:31:30', '2026-03-05 10:31:30'),
	(82, 'Logo Jurusan', 'websiteapp/uploadphoto/logo-jurusan', 'MASTER DATA', NULL, NULL, '{"title_key": "md_logo_jurusan"}', 1, 82, 78, '2026-03-05 10:31:30', '2026-03-05 10:31:30'),
	(83, 'Photo Personil', 'websiteapp/uploadphoto/photo-personil', 'MASTER DATA', NULL, NULL, '{"title_key": "md_photo_personil"}', 1, 83, 78, '2026-03-05 10:31:30', '2026-03-05 10:31:30'),
	(84, 'Halaman Web', 'websiteapp/halamanweb', 'MASTER DATA', NULL, NULL, '{"title_key": "md_halaman_web"}', 1, 84, 77, '2026-03-05 10:31:30', '2026-03-05 10:31:30'),
	(85, 'Refleksi MKS', 'websiteapp/halamanweb/refleksi-mks', 'MASTER DATA', NULL, NULL, '{"title_key": "md_refleksi_mks"}', 1, 85, 84, '2026-03-05 10:31:30', '2026-03-05 10:31:30'),
	(86, 'Organisasi Sekolah', 'websiteapp/halamanweb/organisasi-sekolah', 'MASTER DATA', NULL, NULL, '{"title_key": "md_organisasi_sekolah"}', 1, 86, 84, '2026-03-05 10:31:30', '2026-03-05 10:31:30'),
	(87, 'Profil Jurusan', 'websiteapp/halamanweb/profil-jurusan', 'MASTER DATA', NULL, NULL, '{"title_key": "md_profil_jurusan"}', 1, 87, 84, '2026-03-05 10:31:30', '2026-03-05 10:31:30'),
	(88, 'Team Pengembang', 'websiteapp/halamanweb/team-pengembang', 'MASTER DATA', NULL, NULL, '{"title_key": "md_team_pengembang"}', 1, 88, 84, '2026-03-05 10:31:30', '2026-03-05 10:31:30'),
	(89, 'Kumpulan Faqs', 'websiteapp/halamanweb/kumpulan-faqs', 'MASTER DATA', NULL, NULL, '{"title_key": "md_kumpulan_faqs"}', 1, 89, 84, '2026-03-05 10:31:30', '2026-03-05 10:31:30'),
	(90, 'Daily Messages', 'websiteapp/halamanweb/daily-messages', 'MASTER DATA', NULL, NULL, '{"title_key": "md_daily_messages"}', 1, 90, 84, '2026-03-05 10:31:30', '2026-03-05 10:31:30'),
	(91, 'Pengumuman', 'websiteapp/halamanweb/pengumuman', 'MASTER DATA', NULL, NULL, '{"title_key": "md_pengumuman"}', 1, 91, 84, '2026-03-05 10:31:30', '2026-03-05 10:31:30'),
	(92, 'Polling', 'websiteapp/halamanweb/polling', 'MASTER DATA', NULL, NULL, '{"title_key": "md_polling"}', 1, 92, 84, '2026-03-05 10:31:30', '2026-03-05 10:31:30'),
	(93, 'Informasi Sekolah', 'websiteapp/informasi-sekolah', 'MASTER DATA', NULL, NULL, '{"title_key": "md_informasi_sekolah"}', 1, 93, 77, '2026-03-05 10:31:30', '2026-03-05 10:31:30'),
	(94, 'Wakil Kepala Sekolah', 'wakasek', 'PERANGKAT SEKOLAH', 'ki-duotone ki-abstract-28 fs-2', 2, '{"title_key": "ps_wakasek"}', 1, 94, NULL, '2026-03-05 10:31:30', '2026-03-05 10:31:30'),
	(95, 'Agenda', 'wakasek/agenda-kegiatan-wakasek', 'PERANGKAT SEKOLAH', NULL, NULL, '{"title_key": "ps_wakasek_agenda"}', 1, 95, 94, '2026-03-05 10:31:30', '2026-03-05 10:31:30'),
	(96, 'Anggaran', 'wakasek/anggaran-wakasek', 'PERANGKAT SEKOLAH', NULL, NULL, '{"title_key": "ps_wakasek_anggaran"}', 1, 96, 94, '2026-03-05 10:31:30', '2026-03-05 10:31:30'),
	(97, 'Laporan', 'wakasek/laporan-wakasek', 'PERANGKAT SEKOLAH', NULL, NULL, '{"title_key": "ps_wakasek_laporan"}', 1, 97, 94, '2026-03-05 10:31:30', '2026-03-05 10:31:30'),
	(98, 'Kepala Program Studi', 'kaprodi', 'PERANGKAT SEKOLAH', 'ki-duotone ki-abstract-28 fs-2', 2, '{"title_key": "ps_kaprodi"}', 1, 98, NULL, '2026-03-05 10:31:30', '2026-03-05 10:31:30'),
	(99, 'Agenda', 'kaprodi/agenda-kaprodi', 'PERANGKAT SEKOLAH', NULL, NULL, '{"title_key": "ps_kaprodi_agenda"}', 1, 99, 98, '2026-03-05 10:31:30', '2026-03-05 10:31:30'),
	(100, 'Anggaran', 'kaprodi/anggaran-kaprodi', 'PERANGKAT SEKOLAH', NULL, NULL, '{"title_key": "ps_kaprodi_anggaran"}', 1, 100, 98, '2026-03-05 10:31:30', '2026-03-05 10:31:30'),
	(101, 'Uji Kompetensi Keahlian', 'kaprodi/uji-kompetensi-keahlian', 'PERANGKAT SEKOLAH', NULL, NULL, '{"title_key": "ps_kaprodi_uji_kompetensi"}', 1, 101, 98, '2026-03-05 10:31:30', '2026-03-05 10:31:30'),
	(102, 'Pembagian Jam Ngajar', 'kaprodi/pembagian-jam-ngajar', 'PERANGKAT SEKOLAH', NULL, NULL, '{"title_key": "ps_kaprodi_pembagian_jam"}', 1, 102, 98, '2026-03-05 10:31:30', '2026-03-05 10:31:30'),
	(103, 'Laboratorium', 'kaprodi/laboratorium', 'PERANGKAT SEKOLAH', NULL, NULL, '{"title_key": "ps_kaprodi_laboratorium"}', 1, 103, 98, '2026-03-05 10:31:30', '2026-03-05 10:31:30'),
	(104, 'Laporan', 'kaprodi/laporan-kaprodi', 'PERANGKAT SEKOLAH', NULL, NULL, '{"title_key": "ps_kaprodi_laporan"}', 1, 104, 98, '2026-03-05 10:31:30', '2026-03-05 10:31:30'),
	(105, 'Tata Usaha', 'ketatausahaan', 'PERANGKAT SEKOLAH', 'ki-duotone ki-abstract-28 fs-2', 2, '{"title_key": "ps_tatausaha"}', 1, 105, NULL, '2026-03-05 10:31:30', '2026-03-05 10:31:30'),
	(106, 'Persuratan', 'ketatausahaan/persuratan', 'PERANGKAT SEKOLAH', NULL, NULL, '{"title_key": "ps_tatausaha_persuratan"}', 1, 106, 105, '2026-03-05 10:31:30', '2026-03-05 10:31:30'),
	(107, 'Kesiswaan', 'ketatausahaan/kesiswaan', 'PERANGKAT SEKOLAH', NULL, NULL, '{"title_key": "ps_tatausaha_kesiswaan"}', 1, 107, 105, '2026-03-05 10:31:30', '2026-03-05 10:31:30'),
	(108, 'Kepegawaian', 'ketatausahaan/kepegawaian', 'PERANGKAT SEKOLAH', NULL, NULL, '{"title_key": "ps_tatausaha_kepegawaian"}', 1, 108, 105, '2026-03-05 10:31:30', '2026-03-05 10:31:30'),
	(109, 'Sarana Prasarana', 'ketatausahaan/sarana-prasarana', 'PERANGKAT SEKOLAH', NULL, NULL, '{"title_key": "ps_tatausaha_sarana_prasarana"}', 1, 109, 105, '2026-03-05 10:31:30', '2026-03-05 10:31:30'),
	(110, 'Manajemen Barang', 'ketatausahaan/manajemen-barang', 'PERANGKAT SEKOLAH', NULL, NULL, '{"title_key": "ps_tatausaha_manajemen_barang"}', 1, 110, 105, '2026-03-05 10:31:30', '2026-03-05 10:31:30'),
	(111, 'Agenda', 'ketatausahaan/agenda-ketatausahaan', 'PERANGKAT SEKOLAH', NULL, NULL, '{"title_key": "ps_tatausaha_agenda"}', 1, 111, 105, '2026-03-05 10:31:30', '2026-03-05 10:31:30'),
	(112, 'Anggaran', 'ketatausahaan/anggaran-ketatausahaan', 'PERANGKAT SEKOLAH', NULL, NULL, '{"title_key": "ps_tatausaha_anggaran"}', 1, 112, 105, '2026-03-05 10:31:30', '2026-03-05 10:31:30'),
	(113, 'Laporan', 'ketatausahaan/laporan-ketatausahaan', 'PERANGKAT SEKOLAH', NULL, NULL, '{"title_key": "ps_tatausaha_laporan"}', 1, 113, 105, '2026-03-05 10:31:30', '2026-03-05 10:31:30'),
	(114, 'Bimbingan Konseling', 'bpbk', 'PERANGKAT SEKOLAH', 'ki-duotone ki-abstract-28 fs-2', 2, '{"title_key": "ps_bpbk"}', 1, 114, NULL, '2026-03-05 10:31:30', '2026-03-05 10:31:30'),
	(115, 'Konseling Siswa', 'bpbk/konseling-siswa', 'PERANGKAT SEKOLAH', NULL, NULL, '{"title_key": "ps_bpbk_konseling_siswa"}', 1, 115, 114, '2026-03-05 10:31:30', '2026-03-05 10:31:30'),
	(116, 'Data KIP', 'bpbk/data-kip', 'PERANGKAT SEKOLAH', NULL, NULL, '{"title_key": "ps_bpbk_data_kip"}', 1, 116, 114, '2026-03-05 10:31:30', '2026-03-05 10:31:30'),
	(117, 'Home Visit', 'bpbk/home-visit', 'PERANGKAT SEKOLAH', NULL, NULL, '{"title_key": "ps_bpbk_home_visit"}', 1, 117, 114, '2026-03-05 10:31:30', '2026-03-05 10:31:30'),
	(118, 'Melanjutkan Kuliah', 'bpbk/melanjutkan-kuliah', 'PERANGKAT SEKOLAH', NULL, NULL, '{"title_key": "ps_bpbk_melanjutkan_kuliah"}', 1, 118, 114, '2026-03-05 10:31:30', '2026-03-05 10:31:30'),
	(119, 'Penelusuran Lulusan', 'bpbk/penelusuran-lulusan', 'PERANGKAT SEKOLAH', NULL, NULL, '{"title_key": "ps_bpbk_penelusuran_lulusan"}', 1, 119, 114, '2026-03-05 10:31:31', '2026-03-05 10:31:31'),
	(120, 'Anggaran', 'bpbk/anggaran-bp-bk', 'PERANGKAT SEKOLAH', NULL, NULL, '{"title_key": "ps_bpbk_anggaran"}', 1, 120, 114, '2026-03-05 10:31:31', '2026-03-05 10:31:31'),
	(121, 'Laporan', 'bpbk/laporan-bp-bk', 'PERANGKAT SEKOLAH', NULL, NULL, '{"title_key": "ps_bpbk_laporan"}', 1, 121, 114, '2026-03-05 10:31:31', '2026-03-05 10:31:31');

-- Dumping structure for table metronic832-neo.menu_permission
DROP TABLE IF EXISTS `menu_permission`;
CREATE TABLE IF NOT EXISTS `menu_permission` (
  `id` bigint unsigned NOT NULL AUTO_INCREMENT,
  `menu_id` bigint unsigned NOT NULL,
  `permission_id` bigint unsigned NOT NULL,
  `created_at` timestamp NULL DEFAULT NULL,
  `updated_at` timestamp NULL DEFAULT NULL,
  PRIMARY KEY (`id`),
  KEY `menu_permission_menu_id_foreign` (`menu_id`),
  KEY `menu_permission_permission_id_foreign` (`permission_id`),
  CONSTRAINT `menu_permission_menu_id_foreign` FOREIGN KEY (`menu_id`) REFERENCES `menus` (`id`),
  CONSTRAINT `menu_permission_permission_id_foreign` FOREIGN KEY (`permission_id`) REFERENCES `permissions` (`id`)
) ENGINE=InnoDB AUTO_INCREMENT=365 DEFAULT CHARSET=utf8mb4 COLLATE=utf8mb4_unicode_ci;

-- Dumping data for table metronic832-neo.menu_permission: ~364 rows (approximately)
DELETE FROM `menu_permission`;
INSERT INTO `menu_permission` (`id`, `menu_id`, `permission_id`, `created_at`, `updated_at`) VALUES
	(1, 1, 1, NULL, NULL),
	(2, 1, 2, NULL, NULL),
	(3, 2, 3, NULL, NULL),
	(4, 2, 4, NULL, NULL),
	(5, 3, 5, NULL, NULL),
	(6, 4, 6, NULL, NULL),
	(7, 4, 7, NULL, NULL),
	(8, 4, 8, NULL, NULL),
	(9, 4, 9, NULL, NULL),
	(10, 5, 10, NULL, NULL),
	(11, 5, 11, NULL, NULL),
	(12, 5, 12, NULL, NULL),
	(13, 5, 13, NULL, NULL),
	(14, 6, 14, NULL, NULL),
	(15, 6, 15, NULL, NULL),
	(16, 7, 16, NULL, NULL),
	(17, 7, 17, NULL, NULL),
	(18, 8, 18, NULL, NULL),
	(19, 8, 19, NULL, NULL),
	(20, 8, 20, NULL, NULL),
	(21, 8, 21, NULL, NULL),
	(22, 9, 22, NULL, NULL),
	(23, 10, 23, NULL, NULL),
	(24, 10, 24, NULL, NULL),
	(25, 10, 25, NULL, NULL),
	(26, 10, 26, NULL, NULL),
	(27, 10, 27, NULL, NULL),
	(28, 11, 28, NULL, NULL),
	(29, 11, 29, NULL, NULL),
	(30, 11, 30, NULL, NULL),
	(31, 12, 31, NULL, NULL),
	(32, 12, 32, NULL, NULL),
	(33, 12, 33, NULL, NULL),
	(34, 12, 34, NULL, NULL),
	(35, 13, 35, NULL, NULL),
	(36, 14, 36, NULL, NULL),
	(37, 15, 37, NULL, NULL),
	(38, 16, 38, NULL, NULL),
	(39, 17, 39, NULL, NULL),
	(40, 17, 40, NULL, NULL),
	(41, 17, 41, NULL, NULL),
	(42, 17, 42, NULL, NULL),
	(43, 18, 43, NULL, NULL),
	(44, 19, 44, NULL, NULL),
	(45, 19, 45, NULL, NULL),
	(46, 19, 46, NULL, NULL),
	(47, 19, 47, NULL, NULL),
	(48, 20, 48, NULL, NULL),
	(49, 20, 49, NULL, NULL),
	(50, 20, 50, NULL, NULL),
	(51, 20, 51, NULL, NULL),
	(52, 21, 52, NULL, NULL),
	(53, 22, 53, NULL, NULL),
	(54, 22, 54, NULL, NULL),
	(55, 22, 55, NULL, NULL),
	(56, 22, 56, NULL, NULL),
	(57, 23, 57, NULL, NULL),
	(58, 23, 58, NULL, NULL),
	(59, 23, 59, NULL, NULL),
	(60, 23, 60, NULL, NULL),
	(61, 24, 61, NULL, NULL),
	(62, 24, 62, NULL, NULL),
	(63, 24, 63, NULL, NULL),
	(64, 24, 64, NULL, NULL),
	(65, 25, 65, NULL, NULL),
	(66, 26, 66, NULL, NULL),
	(67, 26, 67, NULL, NULL),
	(68, 26, 68, NULL, NULL),
	(69, 26, 69, NULL, NULL),
	(70, 27, 70, NULL, NULL),
	(71, 27, 71, NULL, NULL),
	(72, 27, 72, NULL, NULL),
	(73, 27, 73, NULL, NULL),
	(74, 28, 74, NULL, NULL),
	(75, 29, 75, NULL, NULL),
	(76, 29, 76, NULL, NULL),
	(77, 29, 77, NULL, NULL),
	(78, 29, 78, NULL, NULL),
	(79, 30, 79, NULL, NULL),
	(80, 30, 80, NULL, NULL),
	(81, 30, 81, NULL, NULL),
	(82, 30, 82, NULL, NULL),
	(83, 31, 83, NULL, NULL),
	(84, 31, 84, NULL, NULL),
	(85, 31, 85, NULL, NULL),
	(86, 31, 86, NULL, NULL),
	(87, 32, 87, NULL, NULL),
	(88, 32, 88, NULL, NULL),
	(89, 32, 89, NULL, NULL),
	(90, 32, 90, NULL, NULL),
	(91, 33, 91, NULL, NULL),
	(92, 34, 92, NULL, NULL),
	(93, 34, 93, NULL, NULL),
	(94, 34, 94, NULL, NULL),
	(95, 34, 95, NULL, NULL),
	(96, 35, 96, NULL, NULL),
	(97, 35, 97, NULL, NULL),
	(98, 35, 98, NULL, NULL),
	(99, 35, 99, NULL, NULL),
	(100, 36, 100, NULL, NULL),
	(101, 36, 101, NULL, NULL),
	(102, 36, 102, NULL, NULL),
	(103, 36, 103, NULL, NULL),
	(104, 37, 104, NULL, NULL),
	(105, 38, 105, NULL, NULL),
	(106, 39, 106, NULL, NULL),
	(107, 39, 107, NULL, NULL),
	(108, 39, 108, NULL, NULL),
	(109, 39, 109, NULL, NULL),
	(110, 40, 110, NULL, NULL),
	(111, 40, 111, NULL, NULL),
	(112, 40, 112, NULL, NULL),
	(113, 40, 113, NULL, NULL),
	(114, 41, 114, NULL, NULL),
	(115, 41, 115, NULL, NULL),
	(116, 41, 116, NULL, NULL),
	(117, 41, 117, NULL, NULL),
	(118, 42, 118, NULL, NULL),
	(119, 42, 119, NULL, NULL),
	(120, 42, 120, NULL, NULL),
	(121, 42, 121, NULL, NULL),
	(122, 43, 122, NULL, NULL),
	(123, 43, 123, NULL, NULL),
	(124, 43, 124, NULL, NULL),
	(125, 43, 125, NULL, NULL),
	(126, 44, 126, NULL, NULL),
	(127, 45, 127, NULL, NULL),
	(128, 45, 128, NULL, NULL),
	(129, 45, 129, NULL, NULL),
	(130, 45, 130, NULL, NULL),
	(131, 46, 131, NULL, NULL),
	(132, 46, 132, NULL, NULL),
	(133, 46, 133, NULL, NULL),
	(134, 46, 134, NULL, NULL),
	(135, 47, 135, NULL, NULL),
	(136, 47, 136, NULL, NULL),
	(137, 47, 137, NULL, NULL),
	(138, 47, 138, NULL, NULL),
	(139, 48, 139, NULL, NULL),
	(140, 48, 140, NULL, NULL),
	(141, 48, 141, NULL, NULL),
	(142, 48, 142, NULL, NULL),
	(143, 49, 143, NULL, NULL),
	(144, 49, 144, NULL, NULL),
	(145, 49, 145, NULL, NULL),
	(146, 49, 146, NULL, NULL),
	(147, 50, 147, NULL, NULL),
	(148, 51, 148, NULL, NULL),
	(149, 51, 149, NULL, NULL),
	(150, 51, 150, NULL, NULL),
	(151, 51, 151, NULL, NULL),
	(152, 52, 152, NULL, NULL),
	(153, 52, 153, NULL, NULL),
	(154, 52, 154, NULL, NULL),
	(155, 52, 155, NULL, NULL),
	(156, 53, 156, NULL, NULL),
	(157, 54, 157, NULL, NULL),
	(158, 54, 158, NULL, NULL),
	(159, 54, 159, NULL, NULL),
	(160, 54, 160, NULL, NULL),
	(161, 55, 161, NULL, NULL),
	(162, 55, 162, NULL, NULL),
	(163, 55, 163, NULL, NULL),
	(164, 55, 164, NULL, NULL),
	(165, 56, 165, NULL, NULL),
	(166, 56, 166, NULL, NULL),
	(167, 56, 167, NULL, NULL),
	(168, 56, 168, NULL, NULL),
	(169, 57, 169, NULL, NULL),
	(170, 57, 170, NULL, NULL),
	(171, 57, 171, NULL, NULL),
	(172, 57, 172, NULL, NULL),
	(173, 58, 173, NULL, NULL),
	(174, 59, 174, NULL, NULL),
	(175, 59, 175, NULL, NULL),
	(176, 59, 176, NULL, NULL),
	(177, 59, 177, NULL, NULL),
	(178, 60, 178, NULL, NULL),
	(179, 61, 179, NULL, NULL),
	(180, 61, 180, NULL, NULL),
	(181, 61, 181, NULL, NULL),
	(182, 61, 182, NULL, NULL),
	(183, 62, 183, NULL, NULL),
	(184, 62, 184, NULL, NULL),
	(185, 62, 185, NULL, NULL),
	(186, 62, 186, NULL, NULL),
	(187, 63, 187, NULL, NULL),
	(188, 63, 188, NULL, NULL),
	(189, 63, 189, NULL, NULL),
	(190, 63, 190, NULL, NULL),
	(191, 64, 191, NULL, NULL),
	(192, 64, 192, NULL, NULL),
	(193, 64, 193, NULL, NULL),
	(194, 64, 194, NULL, NULL),
	(195, 65, 195, NULL, NULL),
	(196, 65, 196, NULL, NULL),
	(197, 65, 197, NULL, NULL),
	(198, 65, 198, NULL, NULL),
	(199, 66, 199, NULL, NULL),
	(200, 66, 200, NULL, NULL),
	(201, 66, 201, NULL, NULL),
	(202, 66, 202, NULL, NULL),
	(203, 67, 203, NULL, NULL),
	(204, 67, 204, NULL, NULL),
	(205, 67, 205, NULL, NULL),
	(206, 67, 206, NULL, NULL),
	(207, 68, 207, NULL, NULL),
	(208, 68, 208, NULL, NULL),
	(209, 68, 209, NULL, NULL),
	(210, 68, 210, NULL, NULL),
	(211, 69, 211, NULL, NULL),
	(212, 69, 212, NULL, NULL),
	(213, 69, 213, NULL, NULL),
	(214, 69, 214, NULL, NULL),
	(215, 70, 215, NULL, NULL),
	(216, 70, 216, NULL, NULL),
	(217, 70, 217, NULL, NULL),
	(218, 70, 218, NULL, NULL),
	(219, 71, 219, NULL, NULL),
	(220, 72, 220, NULL, NULL),
	(221, 73, 221, NULL, NULL),
	(222, 74, 222, NULL, NULL),
	(223, 75, 223, NULL, NULL),
	(224, 76, 224, NULL, NULL),
	(225, 77, 225, NULL, NULL),
	(226, 78, 226, NULL, NULL),
	(227, 79, 227, NULL, NULL),
	(228, 79, 228, NULL, NULL),
	(229, 79, 229, NULL, NULL),
	(230, 79, 230, NULL, NULL),
	(231, 80, 231, NULL, NULL),
	(232, 80, 232, NULL, NULL),
	(233, 80, 233, NULL, NULL),
	(234, 80, 234, NULL, NULL),
	(235, 81, 235, NULL, NULL),
	(236, 81, 236, NULL, NULL),
	(237, 81, 237, NULL, NULL),
	(238, 81, 238, NULL, NULL),
	(239, 82, 239, NULL, NULL),
	(240, 82, 240, NULL, NULL),
	(241, 82, 241, NULL, NULL),
	(242, 82, 242, NULL, NULL),
	(243, 83, 243, NULL, NULL),
	(244, 83, 244, NULL, NULL),
	(245, 83, 245, NULL, NULL),
	(246, 83, 246, NULL, NULL),
	(247, 84, 247, NULL, NULL),
	(248, 85, 248, NULL, NULL),
	(249, 85, 249, NULL, NULL),
	(250, 85, 250, NULL, NULL),
	(251, 85, 251, NULL, NULL),
	(252, 86, 252, NULL, NULL),
	(253, 86, 253, NULL, NULL),
	(254, 86, 254, NULL, NULL),
	(255, 86, 255, NULL, NULL),
	(256, 87, 256, NULL, NULL),
	(257, 87, 257, NULL, NULL),
	(258, 87, 258, NULL, NULL),
	(259, 87, 259, NULL, NULL),
	(260, 88, 260, NULL, NULL),
	(261, 88, 261, NULL, NULL),
	(262, 88, 262, NULL, NULL),
	(263, 88, 263, NULL, NULL),
	(264, 89, 264, NULL, NULL),
	(265, 89, 265, NULL, NULL),
	(266, 89, 266, NULL, NULL),
	(267, 89, 267, NULL, NULL),
	(268, 90, 268, NULL, NULL),
	(269, 90, 269, NULL, NULL),
	(270, 90, 270, NULL, NULL),
	(271, 90, 271, NULL, NULL),
	(272, 91, 272, NULL, NULL),
	(273, 91, 273, NULL, NULL),
	(274, 91, 274, NULL, NULL),
	(275, 91, 275, NULL, NULL),
	(276, 92, 276, NULL, NULL),
	(277, 92, 277, NULL, NULL),
	(278, 92, 278, NULL, NULL),
	(279, 92, 279, NULL, NULL),
	(280, 93, 280, NULL, NULL),
	(281, 94, 281, NULL, NULL),
	(282, 95, 282, NULL, NULL),
	(283, 95, 283, NULL, NULL),
	(284, 95, 284, NULL, NULL),
	(285, 95, 285, NULL, NULL),
	(286, 95, 286, NULL, NULL),
	(287, 96, 287, NULL, NULL),
	(288, 96, 288, NULL, NULL),
	(289, 96, 289, NULL, NULL),
	(290, 97, 290, NULL, NULL),
	(291, 97, 291, NULL, NULL),
	(292, 97, 292, NULL, NULL),
	(293, 98, 293, NULL, NULL),
	(294, 99, 294, NULL, NULL),
	(295, 99, 295, NULL, NULL),
	(296, 99, 296, NULL, NULL),
	(297, 100, 297, NULL, NULL),
	(298, 100, 298, NULL, NULL),
	(299, 100, 299, NULL, NULL),
	(300, 101, 300, NULL, NULL),
	(301, 101, 301, NULL, NULL),
	(302, 101, 302, NULL, NULL),
	(303, 101, 303, NULL, NULL),
	(304, 101, 304, NULL, NULL),
	(305, 102, 305, NULL, NULL),
	(306, 102, 306, NULL, NULL),
	(307, 102, 307, NULL, NULL),
	(308, 103, 308, NULL, NULL),
	(309, 103, 309, NULL, NULL),
	(310, 103, 310, NULL, NULL),
	(311, 104, 311, NULL, NULL),
	(312, 104, 312, NULL, NULL),
	(313, 104, 313, NULL, NULL),
	(314, 105, 314, NULL, NULL),
	(315, 106, 315, NULL, NULL),
	(316, 106, 316, NULL, NULL),
	(317, 106, 317, NULL, NULL),
	(318, 106, 318, NULL, NULL),
	(319, 106, 319, NULL, NULL),
	(320, 107, 320, NULL, NULL),
	(321, 107, 321, NULL, NULL),
	(322, 107, 322, NULL, NULL),
	(323, 108, 323, NULL, NULL),
	(324, 108, 324, NULL, NULL),
	(325, 108, 325, NULL, NULL),
	(326, 109, 326, NULL, NULL),
	(327, 109, 327, NULL, NULL),
	(328, 109, 328, NULL, NULL),
	(329, 110, 329, NULL, NULL),
	(330, 110, 330, NULL, NULL),
	(331, 110, 331, NULL, NULL),
	(332, 111, 332, NULL, NULL),
	(333, 111, 333, NULL, NULL),
	(334, 111, 334, NULL, NULL),
	(335, 112, 335, NULL, NULL),
	(336, 112, 336, NULL, NULL),
	(337, 112, 337, NULL, NULL),
	(338, 113, 338, NULL, NULL),
	(339, 113, 339, NULL, NULL),
	(340, 113, 340, NULL, NULL),
	(341, 114, 341, NULL, NULL),
	(342, 115, 342, NULL, NULL),
	(343, 115, 343, NULL, NULL),
	(344, 115, 344, NULL, NULL),
	(345, 115, 345, NULL, NULL),
	(346, 115, 346, NULL, NULL),
	(347, 116, 347, NULL, NULL),
	(348, 116, 348, NULL, NULL),
	(349, 116, 349, NULL, NULL),
	(350, 117, 350, NULL, NULL),
	(351, 117, 351, NULL, NULL),
	(352, 117, 352, NULL, NULL),
	(353, 118, 353, NULL, NULL),
	(354, 118, 354, NULL, NULL),
	(355, 118, 355, NULL, NULL),
	(356, 119, 356, NULL, NULL),
	(357, 119, 357, NULL, NULL),
	(358, 119, 358, NULL, NULL),
	(359, 120, 359, NULL, NULL),
	(360, 120, 360, NULL, NULL),
	(361, 120, 361, NULL, NULL),
	(362, 121, 362, NULL, NULL),
	(363, 121, 363, NULL, NULL),
	(364, 121, 364, NULL, NULL);

-- Dumping structure for table metronic832-neo.migrations
DROP TABLE IF EXISTS `migrations`;
CREATE TABLE IF NOT EXISTS `migrations` (
  `id` int unsigned NOT NULL AUTO_INCREMENT,
  `migration` varchar(255) COLLATE utf8mb4_unicode_ci NOT NULL,
  `batch` int NOT NULL,
  PRIMARY KEY (`id`)
) ENGINE=InnoDB AUTO_INCREMENT=13 DEFAULT CHARSET=utf8mb4 COLLATE=utf8mb4_unicode_ci;

-- Dumping data for table metronic832-neo.migrations: ~0 rows (approximately)
DELETE FROM `migrations`;
INSERT INTO `migrations` (`id`, `migration`, `batch`) VALUES
	(1, '0001_01_01_000000_create_users_table', 1),
	(2, '0001_01_01_000001_create_cache_table', 1),
	(3, '0001_01_01_000002_create_jobs_table', 1),
	(4, '0001_01_01_060042_create_permission_tables', 1),
	(5, '2023_11_27_191122_create_menus_table', 1),
	(6, '2023_11_29_180557_create_menu_permissions_table', 1),
	(7, '2024_01_11_145132_add_column_to_roles_table', 1),
	(8, '2024_01_11_161135_add_column_to_permissions_table', 1),
	(9, '2026_02_28_135338_add_paths_to_menus_table', 1),
	(10, '2026_02_28_220000_add_meta_to_menus_table', 1),
	(11, '2026_03_28_000001_add_username_to_users_table', 2),
	(12, '2026_03_28_000002_add_avatar_to_users_table', 3);

-- Dumping structure for table metronic832-neo.model_has_permissions
DROP TABLE IF EXISTS `model_has_permissions`;
CREATE TABLE IF NOT EXISTS `model_has_permissions` (
  `permission_id` bigint unsigned NOT NULL,
  `model_type` varchar(255) COLLATE utf8mb4_unicode_ci NOT NULL,
  `model_id` bigint unsigned NOT NULL,
  PRIMARY KEY (`permission_id`,`model_id`,`model_type`),
  KEY `model_has_permissions_model_id_model_type_index` (`model_id`,`model_type`),
  CONSTRAINT `model_has_permissions_permission_id_foreign` FOREIGN KEY (`permission_id`) REFERENCES `permissions` (`id`) ON DELETE CASCADE
) ENGINE=InnoDB DEFAULT CHARSET=utf8mb4 COLLATE=utf8mb4_unicode_ci;

-- Dumping data for table metronic832-neo.model_has_permissions: ~0 rows (approximately)
DELETE FROM `model_has_permissions`;

-- Dumping structure for table metronic832-neo.model_has_roles
DROP TABLE IF EXISTS `model_has_roles`;
CREATE TABLE IF NOT EXISTS `model_has_roles` (
  `role_id` bigint unsigned NOT NULL,
  `model_type` varchar(255) COLLATE utf8mb4_unicode_ci NOT NULL,
  `model_id` bigint unsigned NOT NULL,
  PRIMARY KEY (`role_id`,`model_id`,`model_type`),
  KEY `model_has_roles_model_id_model_type_index` (`model_id`,`model_type`),
  CONSTRAINT `model_has_roles_role_id_foreign` FOREIGN KEY (`role_id`) REFERENCES `roles` (`id`) ON DELETE CASCADE
) ENGINE=InnoDB DEFAULT CHARSET=utf8mb4 COLLATE=utf8mb4_unicode_ci;

-- Dumping data for table metronic832-neo.model_has_roles: ~5 rows (approximately)
DELETE FROM `model_has_roles`;
INSERT INTO `model_has_roles` (`role_id`, `model_type`, `model_id`) VALUES
	(4, 'users', 1),
	(5, 'users', 2),
	(10, 'users', 3),
	(2, 'users', 4),
	(1, 'users', 5);

-- Dumping structure for table metronic832-neo.password_reset_tokens
DROP TABLE IF EXISTS `password_reset_tokens`;
CREATE TABLE IF NOT EXISTS `password_reset_tokens` (
  `email` varchar(255) COLLATE utf8mb4_unicode_ci NOT NULL,
  `token` varchar(255) COLLATE utf8mb4_unicode_ci NOT NULL,
  `created_at` timestamp NULL DEFAULT NULL,
  PRIMARY KEY (`email`)
) ENGINE=InnoDB DEFAULT CHARSET=utf8mb4 COLLATE=utf8mb4_unicode_ci;

-- Dumping data for table metronic832-neo.password_reset_tokens: ~0 rows (approximately)
DELETE FROM `password_reset_tokens`;

-- Dumping structure for table metronic832-neo.permissions
DROP TABLE IF EXISTS `permissions`;
CREATE TABLE IF NOT EXISTS `permissions` (
  `id` bigint unsigned NOT NULL AUTO_INCREMENT,
  `name` varchar(255) COLLATE utf8mb4_unicode_ci NOT NULL,
  `guard_name` varchar(255) COLLATE utf8mb4_unicode_ci NOT NULL,
  `created_at` timestamp NULL DEFAULT NULL,
  `updated_at` timestamp NULL DEFAULT NULL,
  `deleted_at` timestamp NULL DEFAULT NULL,
  PRIMARY KEY (`id`),
  UNIQUE KEY `permissions_name_guard_name_unique` (`name`,`guard_name`)
) ENGINE=InnoDB AUTO_INCREMENT=365 DEFAULT CHARSET=utf8mb4 COLLATE=utf8mb4_unicode_ci;

-- Dumping data for table metronic832-neo.permissions: ~364 rows (approximately)
DELETE FROM `permissions`;
INSERT INTO `permissions` (`id`, `name`, `guard_name`, `created_at`, `updated_at`, `deleted_at`) VALUES
	(1, 'read profil-pengguna', 'web', '2026-03-05 10:31:28', '2026-03-05 10:31:28', NULL),
	(2, 'update profil-pengguna', 'web', '2026-03-05 10:31:28', '2026-03-05 10:31:28', NULL),
	(3, 'read password-pengguna', 'web', '2026-03-05 10:31:28', '2026-03-05 10:31:28', NULL),
	(4, 'update password-pengguna', 'web', '2026-03-05 10:31:28', '2026-03-05 10:31:28', NULL),
	(5, 'read manajemenpengguna', 'web', '2026-03-05 10:31:28', '2026-03-05 10:31:28', NULL),
	(6, 'create manajemenpengguna/roles', 'web', '2026-03-05 10:31:28', '2026-03-05 10:31:28', NULL),
	(7, 'read manajemenpengguna/roles', 'web', '2026-03-05 10:31:28', '2026-03-05 10:31:28', NULL),
	(8, 'update manajemenpengguna/roles', 'web', '2026-03-05 10:31:28', '2026-03-05 10:31:28', NULL),
	(9, 'delete manajemenpengguna/roles', 'web', '2026-03-05 10:31:28', '2026-03-05 10:31:28', NULL),
	(10, 'create manajemenpengguna/permissions', 'web', '2026-03-05 10:31:28', '2026-03-05 10:31:28', NULL),
	(11, 'read manajemenpengguna/permissions', 'web', '2026-03-05 10:31:28', '2026-03-05 10:31:28', NULL),
	(12, 'update manajemenpengguna/permissions', 'web', '2026-03-05 10:31:28', '2026-03-05 10:31:28', NULL),
	(13, 'delete manajemenpengguna/permissions', 'web', '2026-03-05 10:31:28', '2026-03-05 10:31:28', NULL),
	(14, 'read manajemenpengguna/akses-role', 'web', '2026-03-05 10:31:28', '2026-03-05 10:31:28', NULL),
	(15, 'update manajemenpengguna/akses-role', 'web', '2026-03-05 10:31:28', '2026-03-05 10:31:28', NULL),
	(16, 'read manajemenpengguna/akses-user', 'web', '2026-03-05 10:31:28', '2026-03-05 10:31:28', NULL),
	(17, 'update manajemenpengguna/akses-user', 'web', '2026-03-05 10:31:28', '2026-03-05 10:31:28', NULL),
	(18, 'create manajemenpengguna/users', 'web', '2026-03-05 10:31:28', '2026-03-05 10:31:28', NULL),
	(19, 'read manajemenpengguna/users', 'web', '2026-03-05 10:31:28', '2026-03-05 10:31:28', NULL),
	(20, 'update manajemenpengguna/users', 'web', '2026-03-05 10:31:28', '2026-03-05 10:31:28', NULL),
	(21, 'delete manajemenpengguna/users', 'web', '2026-03-05 10:31:28', '2026-03-05 10:31:28', NULL),
	(22, 'read appsupport', 'web', '2026-03-05 10:31:28', '2026-03-05 10:31:28', NULL),
	(23, 'create appsupport/menu', 'web', '2026-03-05 10:31:28', '2026-03-05 10:31:28', NULL),
	(24, 'read appsupport/menu', 'web', '2026-03-05 10:31:28', '2026-03-05 10:31:28', NULL),
	(25, 'update appsupport/menu', 'web', '2026-03-05 10:31:28', '2026-03-05 10:31:28', NULL),
	(26, 'delete appsupport/menu', 'web', '2026-03-05 10:31:28', '2026-03-05 10:31:28', NULL),
	(27, 'sort appsupport/menu', 'web', '2026-03-05 10:31:28', '2026-03-05 10:31:28', NULL),
	(28, 'create appsupport/app-profil', 'web', '2026-03-05 10:31:28', '2026-03-05 10:31:28', NULL),
	(29, 'read appsupport/app-profil', 'web', '2026-03-05 10:31:28', '2026-03-05 10:31:28', NULL),
	(30, 'update appsupport/app-profil', 'web', '2026-03-05 10:31:28', '2026-03-05 10:31:28', NULL),
	(31, 'create appsupport/app-fiturs', 'web', '2026-03-05 10:31:28', '2026-03-05 10:31:28', NULL),
	(32, 'read appsupport/app-fiturs', 'web', '2026-03-05 10:31:28', '2026-03-05 10:31:28', NULL),
	(33, 'update appsupport/app-fiturs', 'web', '2026-03-05 10:31:28', '2026-03-05 10:31:28', NULL),
	(34, 'delete appsupport/app-fiturs', 'web', '2026-03-05 10:31:28', '2026-03-05 10:31:28', NULL),
	(35, 'read appsupport/impor-data-master', 'web', '2026-03-05 10:31:28', '2026-03-05 10:31:28', NULL),
	(36, 'read appsupport/ekspor-data-master', 'web', '2026-03-05 10:31:28', '2026-03-05 10:31:28', NULL),
	(37, 'read appsupport/backup-db', 'web', '2026-03-05 10:31:28', '2026-03-05 10:31:28', NULL),
	(38, 'read appsupport/data-login', 'web', '2026-03-05 10:31:28', '2026-03-05 10:31:28', NULL),
	(39, 'create appsupport/referensi', 'web', '2026-03-05 10:31:28', '2026-03-05 10:31:28', NULL),
	(40, 'read appsupport/referensi', 'web', '2026-03-05 10:31:28', '2026-03-05 10:31:28', NULL),
	(41, 'update appsupport/referensi', 'web', '2026-03-05 10:31:28', '2026-03-05 10:31:28', NULL),
	(42, 'delete appsupport/referensi', 'web', '2026-03-05 10:31:28', '2026-03-05 10:31:28', NULL),
	(43, 'read manajemensekolah', 'web', '2026-03-05 10:31:28', '2026-03-05 10:31:28', NULL),
	(44, 'create manajemensekolah/tahun-ajaran', 'web', '2026-03-05 10:31:28', '2026-03-05 10:31:28', NULL),
	(45, 'read manajemensekolah/tahun-ajaran', 'web', '2026-03-05 10:31:28', '2026-03-05 10:31:28', NULL),
	(46, 'update manajemensekolah/tahun-ajaran', 'web', '2026-03-05 10:31:28', '2026-03-05 10:31:28', NULL),
	(47, 'delete manajemensekolah/tahun-ajaran', 'web', '2026-03-05 10:31:28', '2026-03-05 10:31:28', NULL),
	(48, 'create manajemensekolah/identitas-sekolah', 'web', '2026-03-05 10:31:28', '2026-03-05 10:31:28', NULL),
	(49, 'read manajemensekolah/identitas-sekolah', 'web', '2026-03-05 10:31:28', '2026-03-05 10:31:28', NULL),
	(50, 'update manajemensekolah/identitas-sekolah', 'web', '2026-03-05 10:31:28', '2026-03-05 10:31:28', NULL),
	(51, 'delete manajemensekolah/identitas-sekolah', 'web', '2026-03-05 10:31:28', '2026-03-05 10:31:28', NULL),
	(52, 'read manajemensekolah/datakeahlian', 'web', '2026-03-05 10:31:28', '2026-03-05 10:31:28', NULL),
	(53, 'create manajemensekolah/datakeahlian/bidang-keahlian', 'web', '2026-03-05 10:31:28', '2026-03-05 10:31:28', NULL),
	(54, 'read manajemensekolah/datakeahlian/bidang-keahlian', 'web', '2026-03-05 10:31:28', '2026-03-05 10:31:28', NULL),
	(55, 'update manajemensekolah/datakeahlian/bidang-keahlian', 'web', '2026-03-05 10:31:28', '2026-03-05 10:31:28', NULL),
	(56, 'delete manajemensekolah/datakeahlian/bidang-keahlian', 'web', '2026-03-05 10:31:28', '2026-03-05 10:31:28', NULL),
	(57, 'create manajemensekolah/datakeahlian/program-keahlian', 'web', '2026-03-05 10:31:28', '2026-03-05 10:31:28', NULL),
	(58, 'read manajemensekolah/datakeahlian/program-keahlian', 'web', '2026-03-05 10:31:28', '2026-03-05 10:31:28', NULL),
	(59, 'update manajemensekolah/datakeahlian/program-keahlian', 'web', '2026-03-05 10:31:28', '2026-03-05 10:31:28', NULL),
	(60, 'delete manajemensekolah/datakeahlian/program-keahlian', 'web', '2026-03-05 10:31:28', '2026-03-05 10:31:28', NULL),
	(61, 'create manajemensekolah/datakeahlian/kompetensi-keahlian', 'web', '2026-03-05 10:31:28', '2026-03-05 10:31:28', NULL),
	(62, 'read manajemensekolah/datakeahlian/kompetensi-keahlian', 'web', '2026-03-05 10:31:28', '2026-03-05 10:31:28', NULL),
	(63, 'update manajemensekolah/datakeahlian/kompetensi-keahlian', 'web', '2026-03-05 10:31:28', '2026-03-05 10:31:28', NULL),
	(64, 'delete manajemensekolah/datakeahlian/kompetensi-keahlian', 'web', '2026-03-05 10:31:28', '2026-03-05 10:31:28', NULL),
	(65, 'read manajemensekolah/personil', 'web', '2026-03-05 10:31:28', '2026-03-05 10:31:28', NULL),
	(66, 'create manajemensekolah/personil/personil-sekolah', 'web', '2026-03-05 10:31:28', '2026-03-05 10:31:28', NULL),
	(67, 'read manajemensekolah/personil/personil-sekolah', 'web', '2026-03-05 10:31:28', '2026-03-05 10:31:28', NULL),
	(68, 'update manajemensekolah/personil/personil-sekolah', 'web', '2026-03-05 10:31:28', '2026-03-05 10:31:28', NULL),
	(69, 'delete manajemensekolah/personil/personil-sekolah', 'web', '2026-03-05 10:31:28', '2026-03-05 10:31:28', NULL),
	(70, 'create manajemensekolah/personil/peserta-didik', 'web', '2026-03-05 10:31:28', '2026-03-05 10:31:28', NULL),
	(71, 'read manajemensekolah/personil/peserta-didik', 'web', '2026-03-05 10:31:28', '2026-03-05 10:31:28', NULL),
	(72, 'update manajemensekolah/personil/peserta-didik', 'web', '2026-03-05 10:31:28', '2026-03-05 10:31:28', NULL),
	(73, 'delete manajemensekolah/personil/peserta-didik', 'web', '2026-03-05 10:31:28', '2026-03-05 10:31:28', NULL),
	(74, 'read manajemensekolah/timmanajemen', 'web', '2026-03-05 10:31:28', '2026-03-05 10:31:28', NULL),
	(75, 'create manajemensekolah/timmanajemen/kepala-sekolah', 'web', '2026-03-05 10:31:28', '2026-03-05 10:31:28', NULL),
	(76, 'read manajemensekolah/timmanajemen/kepala-sekolah', 'web', '2026-03-05 10:31:28', '2026-03-05 10:31:28', NULL),
	(77, 'update manajemensekolah/timmanajemen/kepala-sekolah', 'web', '2026-03-05 10:31:28', '2026-03-05 10:31:28', NULL),
	(78, 'delete manajemensekolah/timmanajemen/kepala-sekolah', 'web', '2026-03-05 10:31:28', '2026-03-05 10:31:28', NULL),
	(79, 'create manajemensekolah/timmanajemen/wakil-kepala-sekolah', 'web', '2026-03-05 10:31:28', '2026-03-05 10:31:28', NULL),
	(80, 'read manajemensekolah/timmanajemen/wakil-kepala-sekolah', 'web', '2026-03-05 10:31:28', '2026-03-05 10:31:28', NULL),
	(81, 'update manajemensekolah/timmanajemen/wakil-kepala-sekolah', 'web', '2026-03-05 10:31:28', '2026-03-05 10:31:28', NULL),
	(82, 'delete manajemensekolah/timmanajemen/wakil-kepala-sekolah', 'web', '2026-03-05 10:31:28', '2026-03-05 10:31:28', NULL),
	(83, 'create manajemensekolah/timmanajemen/ketua-program-studi', 'web', '2026-03-05 10:31:28', '2026-03-05 10:31:28', NULL),
	(84, 'read manajemensekolah/timmanajemen/ketua-program-studi', 'web', '2026-03-05 10:31:28', '2026-03-05 10:31:28', NULL),
	(85, 'update manajemensekolah/timmanajemen/ketua-program-studi', 'web', '2026-03-05 10:31:28', '2026-03-05 10:31:28', NULL),
	(86, 'delete manajemensekolah/timmanajemen/ketua-program-studi', 'web', '2026-03-05 10:31:28', '2026-03-05 10:31:28', NULL),
	(87, 'create manajemensekolah/timmanajemen/jabatan-lain', 'web', '2026-03-05 10:31:28', '2026-03-05 10:31:28', NULL),
	(88, 'read manajemensekolah/timmanajemen/jabatan-lain', 'web', '2026-03-05 10:31:28', '2026-03-05 10:31:28', NULL),
	(89, 'update manajemensekolah/timmanajemen/jabatan-lain', 'web', '2026-03-05 10:31:28', '2026-03-05 10:31:28', NULL),
	(90, 'delete manajemensekolah/timmanajemen/jabatan-lain', 'web', '2026-03-05 10:31:28', '2026-03-05 10:31:28', NULL),
	(91, 'read manajemensekolah/pengembangsekolah', 'web', '2026-03-05 10:31:28', '2026-03-05 10:31:28', NULL),
	(92, 'create manajemensekolah/pengembangsekolah/manajemen-mutu', 'web', '2026-03-05 10:31:28', '2026-03-05 10:31:28', NULL),
	(93, 'read manajemensekolah/pengembangsekolah/manajemen-mutu', 'web', '2026-03-05 10:31:29', '2026-03-05 10:31:29', NULL),
	(94, 'update manajemensekolah/pengembangsekolah/manajemen-mutu', 'web', '2026-03-05 10:31:29', '2026-03-05 10:31:29', NULL),
	(95, 'delete manajemensekolah/pengembangsekolah/manajemen-mutu', 'web', '2026-03-05 10:31:29', '2026-03-05 10:31:29', NULL),
	(96, 'create manajemensekolah/pengembangsekolah/dokumen-mutu', 'web', '2026-03-05 10:31:29', '2026-03-05 10:31:29', NULL),
	(97, 'read manajemensekolah/pengembangsekolah/dokumen-mutu', 'web', '2026-03-05 10:31:29', '2026-03-05 10:31:29', NULL),
	(98, 'update manajemensekolah/pengembangsekolah/dokumen-mutu', 'web', '2026-03-05 10:31:29', '2026-03-05 10:31:29', NULL),
	(99, 'delete manajemensekolah/pengembangsekolah/dokumen-mutu', 'web', '2026-03-05 10:31:29', '2026-03-05 10:31:29', NULL),
	(100, 'create manajemensekolah/pengembangsekolah/lampiran-dokumen', 'web', '2026-03-05 10:31:29', '2026-03-05 10:31:29', NULL),
	(101, 'read manajemensekolah/pengembangsekolah/lampiran-dokumen', 'web', '2026-03-05 10:31:29', '2026-03-05 10:31:29', NULL),
	(102, 'update manajemensekolah/pengembangsekolah/lampiran-dokumen', 'web', '2026-03-05 10:31:29', '2026-03-05 10:31:29', NULL),
	(103, 'delete manajemensekolah/pengembangsekolah/lampiran-dokumen', 'web', '2026-03-05 10:31:29', '2026-03-05 10:31:29', NULL),
	(104, 'read kurikulum', 'web', '2026-03-05 10:31:29', '2026-03-05 10:31:29', NULL),
	(105, 'read kurikulum/perangkatkurikulum', 'web', '2026-03-05 10:31:29', '2026-03-05 10:31:29', NULL),
	(106, 'create kurikulum/perangkatkurikulum/versi-kurikulum', 'web', '2026-03-05 10:31:29', '2026-03-05 10:31:29', NULL),
	(107, 'read kurikulum/perangkatkurikulum/versi-kurikulum', 'web', '2026-03-05 10:31:29', '2026-03-05 10:31:29', NULL),
	(108, 'update kurikulum/perangkatkurikulum/versi-kurikulum', 'web', '2026-03-05 10:31:29', '2026-03-05 10:31:29', NULL),
	(109, 'delete kurikulum/perangkatkurikulum/versi-kurikulum', 'web', '2026-03-05 10:31:29', '2026-03-05 10:31:29', NULL),
	(110, 'create kurikulum/perangkatkurikulum/rombongan-belajar', 'web', '2026-03-05 10:31:29', '2026-03-05 10:31:29', NULL),
	(111, 'read kurikulum/perangkatkurikulum/rombongan-belajar', 'web', '2026-03-05 10:31:29', '2026-03-05 10:31:29', NULL),
	(112, 'update kurikulum/perangkatkurikulum/rombongan-belajar', 'web', '2026-03-05 10:31:29', '2026-03-05 10:31:29', NULL),
	(113, 'delete kurikulum/perangkatkurikulum/rombongan-belajar', 'web', '2026-03-05 10:31:29', '2026-03-05 10:31:29', NULL),
	(114, 'create kurikulum/perangkatkurikulum/wali-kelas', 'web', '2026-03-05 10:31:29', '2026-03-05 10:31:29', NULL),
	(115, 'read kurikulum/perangkatkurikulum/wali-kelas', 'web', '2026-03-05 10:31:29', '2026-03-05 10:31:29', NULL),
	(116, 'update kurikulum/perangkatkurikulum/wali-kelas', 'web', '2026-03-05 10:31:29', '2026-03-05 10:31:29', NULL),
	(117, 'delete kurikulum/perangkatkurikulum/wali-kelas', 'web', '2026-03-05 10:31:29', '2026-03-05 10:31:29', NULL),
	(118, 'create kurikulum/perangkatkurikulum/peserta-didik-rombel', 'web', '2026-03-05 10:31:29', '2026-03-05 10:31:29', NULL),
	(119, 'read kurikulum/perangkatkurikulum/peserta-didik-rombel', 'web', '2026-03-05 10:31:29', '2026-03-05 10:31:29', NULL),
	(120, 'update kurikulum/perangkatkurikulum/peserta-didik-rombel', 'web', '2026-03-05 10:31:29', '2026-03-05 10:31:29', NULL),
	(121, 'delete kurikulum/perangkatkurikulum/peserta-didik-rombel', 'web', '2026-03-05 10:31:29', '2026-03-05 10:31:29', NULL),
	(122, 'create kurikulum/perangkatkurikulum/guru-wali', 'web', '2026-03-05 10:31:29', '2026-03-05 10:31:29', NULL),
	(123, 'read kurikulum/perangkatkurikulum/guru-wali', 'web', '2026-03-05 10:31:29', '2026-03-05 10:31:29', NULL),
	(124, 'update kurikulum/perangkatkurikulum/guru-wali', 'web', '2026-03-05 10:31:29', '2026-03-05 10:31:29', NULL),
	(125, 'delete kurikulum/perangkatkurikulum/guru-wali', 'web', '2026-03-05 10:31:29', '2026-03-05 10:31:29', NULL),
	(126, 'read kurikulum/datakbm', 'web', '2026-03-05 10:31:29', '2026-03-05 10:31:29', NULL),
	(127, 'create kurikulum/datakbm/mata-pelajaran', 'web', '2026-03-05 10:31:29', '2026-03-05 10:31:29', NULL),
	(128, 'read kurikulum/datakbm/mata-pelajaran', 'web', '2026-03-05 10:31:29', '2026-03-05 10:31:29', NULL),
	(129, 'update kurikulum/datakbm/mata-pelajaran', 'web', '2026-03-05 10:31:29', '2026-03-05 10:31:29', NULL),
	(130, 'delete kurikulum/datakbm/mata-pelajaran', 'web', '2026-03-05 10:31:29', '2026-03-05 10:31:29', NULL),
	(131, 'create kurikulum/datakbm/mata-pelajaran-jurusan', 'web', '2026-03-05 10:31:29', '2026-03-05 10:31:29', NULL),
	(132, 'read kurikulum/datakbm/mata-pelajaran-jurusan', 'web', '2026-03-05 10:31:29', '2026-03-05 10:31:29', NULL),
	(133, 'update kurikulum/datakbm/mata-pelajaran-jurusan', 'web', '2026-03-05 10:31:29', '2026-03-05 10:31:29', NULL),
	(134, 'delete kurikulum/datakbm/mata-pelajaran-jurusan', 'web', '2026-03-05 10:31:29', '2026-03-05 10:31:29', NULL),
	(135, 'create kurikulum/datakbm/capaian-pembelajaran', 'web', '2026-03-05 10:31:29', '2026-03-05 10:31:29', NULL),
	(136, 'read kurikulum/datakbm/capaian-pembelajaran', 'web', '2026-03-05 10:31:29', '2026-03-05 10:31:29', NULL),
	(137, 'update kurikulum/datakbm/capaian-pembelajaran', 'web', '2026-03-05 10:31:29', '2026-03-05 10:31:29', NULL),
	(138, 'delete kurikulum/datakbm/capaian-pembelajaran', 'web', '2026-03-05 10:31:29', '2026-03-05 10:31:29', NULL),
	(139, 'create kurikulum/datakbm/kbm-per-rombel', 'web', '2026-03-05 10:31:29', '2026-03-05 10:31:29', NULL),
	(140, 'read kurikulum/datakbm/kbm-per-rombel', 'web', '2026-03-05 10:31:29', '2026-03-05 10:31:29', NULL),
	(141, 'update kurikulum/datakbm/kbm-per-rombel', 'web', '2026-03-05 10:31:29', '2026-03-05 10:31:29', NULL),
	(142, 'delete kurikulum/datakbm/kbm-per-rombel', 'web', '2026-03-05 10:31:29', '2026-03-05 10:31:29', NULL),
	(143, 'create kurikulum/datakbm/kunci-datakbm', 'web', '2026-03-05 10:31:29', '2026-03-05 10:31:29', NULL),
	(144, 'read kurikulum/datakbm/kunci-datakbm', 'web', '2026-03-05 10:31:29', '2026-03-05 10:31:29', NULL),
	(145, 'update kurikulum/datakbm/kunci-datakbm', 'web', '2026-03-05 10:31:29', '2026-03-05 10:31:29', NULL),
	(146, 'delete kurikulum/datakbm/kunci-datakbm', 'web', '2026-03-05 10:31:29', '2026-03-05 10:31:29', NULL),
	(147, 'read kurikulum/penjadwalan', 'web', '2026-03-05 10:31:29', '2026-03-05 10:31:29', NULL),
	(148, 'create kurikulum/penjadwalan/hari-efektif', 'web', '2026-03-05 10:31:29', '2026-03-05 10:31:29', NULL),
	(149, 'read kurikulum/penjadwalan/hari-efektif', 'web', '2026-03-05 10:31:29', '2026-03-05 10:31:29', NULL),
	(150, 'update kurikulum/penjadwalan/hari-efektif', 'web', '2026-03-05 10:31:29', '2026-03-05 10:31:29', NULL),
	(151, 'delete kurikulum/penjadwalan/hari-efektif', 'web', '2026-03-05 10:31:29', '2026-03-05 10:31:29', NULL),
	(152, 'create kurikulum/penjadwalan/events', 'web', '2026-03-05 10:31:29', '2026-03-05 10:31:29', NULL),
	(153, 'read kurikulum/penjadwalan/events', 'web', '2026-03-05 10:31:29', '2026-03-05 10:31:29', NULL),
	(154, 'update kurikulum/penjadwalan/events', 'web', '2026-03-05 10:31:29', '2026-03-05 10:31:29', NULL),
	(155, 'delete kurikulum/penjadwalan/events', 'web', '2026-03-05 10:31:29', '2026-03-05 10:31:29', NULL),
	(156, 'read kurikulum/penjadwalan/jadwalngajar', 'web', '2026-03-05 10:31:29', '2026-03-05 10:31:29', NULL),
	(157, 'create kurikulum/penjadwalan/jadwalngajar/jadwal-mingguan', 'web', '2026-03-05 10:31:29', '2026-03-05 10:31:29', NULL),
	(158, 'read kurikulum/penjadwalan/jadwalngajar/jadwal-mingguan', 'web', '2026-03-05 10:31:29', '2026-03-05 10:31:29', NULL),
	(159, 'update kurikulum/penjadwalan/jadwalngajar/jadwal-mingguan', 'web', '2026-03-05 10:31:29', '2026-03-05 10:31:29', NULL),
	(160, 'delete kurikulum/penjadwalan/jadwalngajar/jadwal-mingguan', 'web', '2026-03-05 10:31:29', '2026-03-05 10:31:29', NULL),
	(161, 'create kurikulum/penjadwalan/jadwalngajar/jadwal-per-rombel', 'web', '2026-03-05 10:31:29', '2026-03-05 10:31:29', NULL),
	(162, 'read kurikulum/penjadwalan/jadwalngajar/jadwal-per-rombel', 'web', '2026-03-05 10:31:29', '2026-03-05 10:31:29', NULL),
	(163, 'update kurikulum/penjadwalan/jadwalngajar/jadwal-per-rombel', 'web', '2026-03-05 10:31:29', '2026-03-05 10:31:29', NULL),
	(164, 'delete kurikulum/penjadwalan/jadwalngajar/jadwal-per-rombel', 'web', '2026-03-05 10:31:29', '2026-03-05 10:31:29', NULL),
	(165, 'create kurikulum/penjadwalan/jadwalngajar/jadwal-per-guru', 'web', '2026-03-05 10:31:29', '2026-03-05 10:31:29', NULL),
	(166, 'read kurikulum/penjadwalan/jadwalngajar/jadwal-per-guru', 'web', '2026-03-05 10:31:29', '2026-03-05 10:31:29', NULL),
	(167, 'update kurikulum/penjadwalan/jadwalngajar/jadwal-per-guru', 'web', '2026-03-05 10:31:29', '2026-03-05 10:31:29', NULL),
	(168, 'delete kurikulum/penjadwalan/jadwalngajar/jadwal-per-guru', 'web', '2026-03-05 10:31:29', '2026-03-05 10:31:29', NULL),
	(169, 'create kurikulum/penjadwalan/jadwalngajar/jadwal-per-hari', 'web', '2026-03-05 10:31:29', '2026-03-05 10:31:29', NULL),
	(170, 'read kurikulum/penjadwalan/jadwalngajar/jadwal-per-hari', 'web', '2026-03-05 10:31:29', '2026-03-05 10:31:29', NULL),
	(171, 'update kurikulum/penjadwalan/jadwalngajar/jadwal-per-hari', 'web', '2026-03-05 10:31:29', '2026-03-05 10:31:29', NULL),
	(172, 'delete kurikulum/penjadwalan/jadwalngajar/jadwal-per-hari', 'web', '2026-03-05 10:31:29', '2026-03-05 10:31:29', NULL),
	(173, 'read kurikulum/perangkatujian', 'web', '2026-03-05 10:31:29', '2026-03-05 10:31:29', NULL),
	(174, 'create kurikulum/perangkatujian/identitas-ujian', 'web', '2026-03-05 10:31:29', '2026-03-05 10:31:29', NULL),
	(175, 'read kurikulum/perangkatujian/identitas-ujian', 'web', '2026-03-05 10:31:29', '2026-03-05 10:31:29', NULL),
	(176, 'update kurikulum/perangkatujian/identitas-ujian', 'web', '2026-03-05 10:31:29', '2026-03-05 10:31:29', NULL),
	(177, 'delete kurikulum/perangkatujian/identitas-ujian', 'web', '2026-03-05 10:31:29', '2026-03-05 10:31:29', NULL),
	(178, 'read kurikulum/perangkatujian/administrasiujian', 'web', '2026-03-05 10:31:29', '2026-03-05 10:31:29', NULL),
	(179, 'create kurikulum/perangkatujian/administrasiujian/ruang-ujian', 'web', '2026-03-05 10:31:29', '2026-03-05 10:31:29', NULL),
	(180, 'read kurikulum/perangkatujian/administrasiujian/ruang-ujian', 'web', '2026-03-05 10:31:29', '2026-03-05 10:31:29', NULL),
	(181, 'update kurikulum/perangkatujian/administrasiujian/ruang-ujian', 'web', '2026-03-05 10:31:29', '2026-03-05 10:31:29', NULL),
	(182, 'delete kurikulum/perangkatujian/administrasiujian/ruang-ujian', 'web', '2026-03-05 10:31:29', '2026-03-05 10:31:29', NULL),
	(183, 'create kurikulum/perangkatujian/administrasiujian/peserta-ujian', 'web', '2026-03-05 10:31:29', '2026-03-05 10:31:29', NULL),
	(184, 'read kurikulum/perangkatujian/administrasiujian/peserta-ujian', 'web', '2026-03-05 10:31:29', '2026-03-05 10:31:29', NULL),
	(185, 'update kurikulum/perangkatujian/administrasiujian/peserta-ujian', 'web', '2026-03-05 10:31:29', '2026-03-05 10:31:29', NULL),
	(186, 'delete kurikulum/perangkatujian/administrasiujian/peserta-ujian', 'web', '2026-03-05 10:31:29', '2026-03-05 10:31:29', NULL),
	(187, 'create kurikulum/perangkatujian/administrasiujian/jadwal-ujian', 'web', '2026-03-05 10:31:29', '2026-03-05 10:31:29', NULL),
	(188, 'read kurikulum/perangkatujian/administrasiujian/jadwal-ujian', 'web', '2026-03-05 10:31:29', '2026-03-05 10:31:29', NULL),
	(189, 'update kurikulum/perangkatujian/administrasiujian/jadwal-ujian', 'web', '2026-03-05 10:31:29', '2026-03-05 10:31:29', NULL),
	(190, 'delete kurikulum/perangkatujian/administrasiujian/jadwal-ujian', 'web', '2026-03-05 10:31:29', '2026-03-05 10:31:29', NULL),
	(191, 'create kurikulum/perangkatujian/administrasiujian/pengawas-ujian', 'web', '2026-03-05 10:31:29', '2026-03-05 10:31:29', NULL),
	(192, 'read kurikulum/perangkatujian/administrasiujian/pengawas-ujian', 'web', '2026-03-05 10:31:29', '2026-03-05 10:31:29', NULL),
	(193, 'update kurikulum/perangkatujian/administrasiujian/pengawas-ujian', 'web', '2026-03-05 10:31:29', '2026-03-05 10:31:29', NULL),
	(194, 'delete kurikulum/perangkatujian/administrasiujian/pengawas-ujian', 'web', '2026-03-05 10:31:29', '2026-03-05 10:31:29', NULL),
	(195, 'create kurikulum/perangkatujian/administrasiujian/token-ujian', 'web', '2026-03-05 10:31:29', '2026-03-05 10:31:29', NULL),
	(196, 'read kurikulum/perangkatujian/administrasiujian/token-ujian', 'web', '2026-03-05 10:31:29', '2026-03-05 10:31:29', NULL),
	(197, 'update kurikulum/perangkatujian/administrasiujian/token-ujian', 'web', '2026-03-05 10:31:29', '2026-03-05 10:31:29', NULL),
	(198, 'delete kurikulum/perangkatujian/administrasiujian/token-ujian', 'web', '2026-03-05 10:31:29', '2026-03-05 10:31:29', NULL),
	(199, 'create kurikulum/perangkatujian/administrasiujian/denah-ruangan', 'web', '2026-03-05 10:31:29', '2026-03-05 10:31:29', NULL),
	(200, 'read kurikulum/perangkatujian/administrasiujian/denah-ruangan', 'web', '2026-03-05 10:31:29', '2026-03-05 10:31:29', NULL),
	(201, 'update kurikulum/perangkatujian/administrasiujian/denah-ruangan', 'web', '2026-03-05 10:31:29', '2026-03-05 10:31:29', NULL),
	(202, 'delete kurikulum/perangkatujian/administrasiujian/denah-ruangan', 'web', '2026-03-05 10:31:29', '2026-03-05 10:31:29', NULL),
	(203, 'create kurikulum/perangkatujian/administrasiujian/panitia-ujian', 'web', '2026-03-05 10:31:29', '2026-03-05 10:31:29', NULL),
	(204, 'read kurikulum/perangkatujian/administrasiujian/panitia-ujian', 'web', '2026-03-05 10:31:29', '2026-03-05 10:31:29', NULL),
	(205, 'update kurikulum/perangkatujian/administrasiujian/panitia-ujian', 'web', '2026-03-05 10:31:29', '2026-03-05 10:31:29', NULL),
	(206, 'delete kurikulum/perangkatujian/administrasiujian/panitia-ujian', 'web', '2026-03-05 10:31:29', '2026-03-05 10:31:29', NULL),
	(207, 'create kurikulum/perangkatujian/cetakadministrasi', 'web', '2026-03-05 10:31:29', '2026-03-05 10:31:29', NULL),
	(208, 'read kurikulum/perangkatujian/cetakadministrasi', 'web', '2026-03-05 10:31:29', '2026-03-05 10:31:29', NULL),
	(209, 'update kurikulum/perangkatujian/cetakadministrasi', 'web', '2026-03-05 10:31:29', '2026-03-05 10:31:29', NULL),
	(210, 'delete kurikulum/perangkatujian/cetakadministrasi', 'web', '2026-03-05 10:31:29', '2026-03-05 10:31:29', NULL),
	(211, 'create kurikulum/perangkatujian/cetakadministrasi/berkas-administrasi', 'web', '2026-03-05 10:31:29', '2026-03-05 10:31:29', NULL),
	(212, 'read kurikulum/perangkatujian/cetakadministrasi/berkas-administrasi', 'web', '2026-03-05 10:31:29', '2026-03-05 10:31:29', NULL),
	(213, 'update kurikulum/perangkatujian/cetakadministrasi/berkas-administrasi', 'web', '2026-03-05 10:31:29', '2026-03-05 10:31:29', NULL),
	(214, 'delete kurikulum/perangkatujian/cetakadministrasi/berkas-administrasi', 'web', '2026-03-05 10:31:29', '2026-03-05 10:31:29', NULL),
	(215, 'create kurikulum/perangkatujian/cetakadministrasi/pelaksanaan-ujian', 'web', '2026-03-05 10:31:29', '2026-03-05 10:31:29', NULL),
	(216, 'read kurikulum/perangkatujian/cetakadministrasi/pelaksanaan-ujian', 'web', '2026-03-05 10:31:29', '2026-03-05 10:31:29', NULL),
	(217, 'update kurikulum/perangkatujian/cetakadministrasi/pelaksanaan-ujian', 'web', '2026-03-05 10:31:29', '2026-03-05 10:31:29', NULL),
	(218, 'delete kurikulum/perangkatujian/cetakadministrasi/pelaksanaan-ujian', 'web', '2026-03-05 10:31:29', '2026-03-05 10:31:29', NULL),
	(219, 'read kurikulum/dokumenguru', 'web', '2026-03-05 10:31:29', '2026-03-05 10:31:29', NULL),
	(220, 'read kurikulum/dokumenguru/arsip-gurumapel', 'web', '2026-03-05 10:31:29', '2026-03-05 10:31:29', NULL),
	(221, 'read kurikulum/dokumenguru/arsip-walikelas', 'web', '2026-03-05 10:31:29', '2026-03-05 10:31:29', NULL),
	(222, 'read kurikulum/dokumenguru/arsip-guruwali', 'web', '2026-03-05 10:31:29', '2026-03-05 10:31:29', NULL),
	(223, 'read kurikulum/dokumenguru/administrasi-kbm', 'web', '2026-03-05 10:31:29', '2026-03-05 10:31:29', NULL),
	(224, 'read kurikulum/dokumenguru/perangkat-ajar', 'web', '2026-03-05 10:31:29', '2026-03-05 10:31:29', NULL),
	(225, 'read websiteapp', 'web', '2026-03-05 10:31:29', '2026-03-05 10:31:29', NULL),
	(226, 'read websiteapp/uploadphoto', 'web', '2026-03-05 10:31:29', '2026-03-05 10:31:29', NULL),
	(227, 'create websiteapp/uploadphoto/photo-slide', 'web', '2026-03-05 10:31:29', '2026-03-05 10:31:29', NULL),
	(228, 'read websiteapp/uploadphoto/photo-slide', 'web', '2026-03-05 10:31:29', '2026-03-05 10:31:29', NULL),
	(229, 'update websiteapp/uploadphoto/photo-slide', 'web', '2026-03-05 10:31:29', '2026-03-05 10:31:29', NULL),
	(230, 'delete websiteapp/uploadphoto/photo-slide', 'web', '2026-03-05 10:31:29', '2026-03-05 10:31:29', NULL),
	(231, 'create websiteapp/uploadphoto/gallery-photo', 'web', '2026-03-05 10:31:30', '2026-03-05 10:31:30', NULL),
	(232, 'read websiteapp/uploadphoto/gallery-photo', 'web', '2026-03-05 10:31:30', '2026-03-05 10:31:30', NULL),
	(233, 'update websiteapp/uploadphoto/gallery-photo', 'web', '2026-03-05 10:31:30', '2026-03-05 10:31:30', NULL),
	(234, 'delete websiteapp/uploadphoto/gallery-photo', 'web', '2026-03-05 10:31:30', '2026-03-05 10:31:30', NULL),
	(235, 'create websiteapp/uploadphoto/photo-jurusan', 'web', '2026-03-05 10:31:30', '2026-03-05 10:31:30', NULL),
	(236, 'read websiteapp/uploadphoto/photo-jurusan', 'web', '2026-03-05 10:31:30', '2026-03-05 10:31:30', NULL),
	(237, 'update websiteapp/uploadphoto/photo-jurusan', 'web', '2026-03-05 10:31:30', '2026-03-05 10:31:30', NULL),
	(238, 'delete websiteapp/uploadphoto/photo-jurusan', 'web', '2026-03-05 10:31:30', '2026-03-05 10:31:30', NULL),
	(239, 'create websiteapp/uploadphoto/logo-jurusan', 'web', '2026-03-05 10:31:30', '2026-03-05 10:31:30', NULL),
	(240, 'read websiteapp/uploadphoto/logo-jurusan', 'web', '2026-03-05 10:31:30', '2026-03-05 10:31:30', NULL),
	(241, 'update websiteapp/uploadphoto/logo-jurusan', 'web', '2026-03-05 10:31:30', '2026-03-05 10:31:30', NULL),
	(242, 'delete websiteapp/uploadphoto/logo-jurusan', 'web', '2026-03-05 10:31:30', '2026-03-05 10:31:30', NULL),
	(243, 'create websiteapp/uploadphoto/photo-personil', 'web', '2026-03-05 10:31:30', '2026-03-05 10:31:30', NULL),
	(244, 'read websiteapp/uploadphoto/photo-personil', 'web', '2026-03-05 10:31:30', '2026-03-05 10:31:30', NULL),
	(245, 'update websiteapp/uploadphoto/photo-personil', 'web', '2026-03-05 10:31:30', '2026-03-05 10:31:30', NULL),
	(246, 'delete websiteapp/uploadphoto/photo-personil', 'web', '2026-03-05 10:31:30', '2026-03-05 10:31:30', NULL),
	(247, 'read websiteapp/halamanweb', 'web', '2026-03-05 10:31:30', '2026-03-05 10:31:30', NULL),
	(248, 'create websiteapp/halamanweb/refleksi-mks', 'web', '2026-03-05 10:31:30', '2026-03-05 10:31:30', NULL),
	(249, 'read websiteapp/halamanweb/refleksi-mks', 'web', '2026-03-05 10:31:30', '2026-03-05 10:31:30', NULL),
	(250, 'update websiteapp/halamanweb/refleksi-mks', 'web', '2026-03-05 10:31:30', '2026-03-05 10:31:30', NULL),
	(251, 'delete websiteapp/halamanweb/refleksi-mks', 'web', '2026-03-05 10:31:30', '2026-03-05 10:31:30', NULL),
	(252, 'create websiteapp/halamanweb/organisasi-sekolah', 'web', '2026-03-05 10:31:30', '2026-03-05 10:31:30', NULL),
	(253, 'read websiteapp/halamanweb/organisasi-sekolah', 'web', '2026-03-05 10:31:30', '2026-03-05 10:31:30', NULL),
	(254, 'update websiteapp/halamanweb/organisasi-sekolah', 'web', '2026-03-05 10:31:30', '2026-03-05 10:31:30', NULL),
	(255, 'delete websiteapp/halamanweb/organisasi-sekolah', 'web', '2026-03-05 10:31:30', '2026-03-05 10:31:30', NULL),
	(256, 'create websiteapp/halamanweb/profil-jurusan', 'web', '2026-03-05 10:31:30', '2026-03-05 10:31:30', NULL),
	(257, 'read websiteapp/halamanweb/profil-jurusan', 'web', '2026-03-05 10:31:30', '2026-03-05 10:31:30', NULL),
	(258, 'update websiteapp/halamanweb/profil-jurusan', 'web', '2026-03-05 10:31:30', '2026-03-05 10:31:30', NULL),
	(259, 'delete websiteapp/halamanweb/profil-jurusan', 'web', '2026-03-05 10:31:30', '2026-03-05 10:31:30', NULL),
	(260, 'create websiteapp/halamanweb/team-pengembang', 'web', '2026-03-05 10:31:30', '2026-03-05 10:31:30', NULL),
	(261, 'read websiteapp/halamanweb/team-pengembang', 'web', '2026-03-05 10:31:30', '2026-03-05 10:31:30', NULL),
	(262, 'update websiteapp/halamanweb/team-pengembang', 'web', '2026-03-05 10:31:30', '2026-03-05 10:31:30', NULL),
	(263, 'delete websiteapp/halamanweb/team-pengembang', 'web', '2026-03-05 10:31:30', '2026-03-05 10:31:30', NULL),
	(264, 'create websiteapp/halamanweb/kumpulan-faqs', 'web', '2026-03-05 10:31:30', '2026-03-05 10:31:30', NULL),
	(265, 'read websiteapp/halamanweb/kumpulan-faqs', 'web', '2026-03-05 10:31:30', '2026-03-05 10:31:30', NULL),
	(266, 'update websiteapp/halamanweb/kumpulan-faqs', 'web', '2026-03-05 10:31:30', '2026-03-05 10:31:30', NULL),
	(267, 'delete websiteapp/halamanweb/kumpulan-faqs', 'web', '2026-03-05 10:31:30', '2026-03-05 10:31:30', NULL),
	(268, 'create websiteapp/halamanweb/daily-messages', 'web', '2026-03-05 10:31:30', '2026-03-05 10:31:30', NULL),
	(269, 'read websiteapp/halamanweb/daily-messages', 'web', '2026-03-05 10:31:30', '2026-03-05 10:31:30', NULL),
	(270, 'update websiteapp/halamanweb/daily-messages', 'web', '2026-03-05 10:31:30', '2026-03-05 10:31:30', NULL),
	(271, 'delete websiteapp/halamanweb/daily-messages', 'web', '2026-03-05 10:31:30', '2026-03-05 10:31:30', NULL),
	(272, 'create websiteapp/halamanweb/pengumuman', 'web', '2026-03-05 10:31:30', '2026-03-05 10:31:30', NULL),
	(273, 'read websiteapp/halamanweb/pengumuman', 'web', '2026-03-05 10:31:30', '2026-03-05 10:31:30', NULL),
	(274, 'update websiteapp/halamanweb/pengumuman', 'web', '2026-03-05 10:31:30', '2026-03-05 10:31:30', NULL),
	(275, 'delete websiteapp/halamanweb/pengumuman', 'web', '2026-03-05 10:31:30', '2026-03-05 10:31:30', NULL),
	(276, 'create websiteapp/halamanweb/polling', 'web', '2026-03-05 10:31:30', '2026-03-05 10:31:30', NULL),
	(277, 'read websiteapp/halamanweb/polling', 'web', '2026-03-05 10:31:30', '2026-03-05 10:31:30', NULL),
	(278, 'update websiteapp/halamanweb/polling', 'web', '2026-03-05 10:31:30', '2026-03-05 10:31:30', NULL),
	(279, 'delete websiteapp/halamanweb/polling', 'web', '2026-03-05 10:31:30', '2026-03-05 10:31:30', NULL),
	(280, 'read websiteapp/informasi-sekolah', 'web', '2026-03-05 10:31:30', '2026-03-05 10:31:30', NULL),
	(281, 'read wakasek', 'web', '2026-03-05 10:31:30', '2026-03-05 10:31:30', NULL),
	(282, 'create wakasek/agenda-kegiatan-wakasek', 'web', '2026-03-05 10:31:30', '2026-03-05 10:31:30', NULL),
	(283, 'read wakasek/agenda-kegiatan-wakasek', 'web', '2026-03-05 10:31:30', '2026-03-05 10:31:30', NULL),
	(284, 'update wakasek/agenda-kegiatan-wakasek', 'web', '2026-03-05 10:31:30', '2026-03-05 10:31:30', NULL),
	(285, 'delete wakasek/agenda-kegiatan-wakasek', 'web', '2026-03-05 10:31:30', '2026-03-05 10:31:30', NULL),
	(286, 'sort wakasek/agenda-kegiatan-wakasek', 'web', '2026-03-05 10:31:30', '2026-03-05 10:31:30', NULL),
	(287, 'create wakasek/anggaran-wakasek', 'web', '2026-03-05 10:31:30', '2026-03-05 10:31:30', NULL),
	(288, 'read wakasek/anggaran-wakasek', 'web', '2026-03-05 10:31:30', '2026-03-05 10:31:30', NULL),
	(289, 'update wakasek/anggaran-wakasek', 'web', '2026-03-05 10:31:30', '2026-03-05 10:31:30', NULL),
	(290, 'create wakasek/laporan-wakasek', 'web', '2026-03-05 10:31:30', '2026-03-05 10:31:30', NULL),
	(291, 'read wakasek/laporan-wakasek', 'web', '2026-03-05 10:31:30', '2026-03-05 10:31:30', NULL),
	(292, 'update wakasek/laporan-wakasek', 'web', '2026-03-05 10:31:30', '2026-03-05 10:31:30', NULL),
	(293, 'read kaprodi', 'web', '2026-03-05 10:31:30', '2026-03-05 10:31:30', NULL),
	(294, 'create kaprodi/agenda-kaprodi', 'web', '2026-03-05 10:31:30', '2026-03-05 10:31:30', NULL),
	(295, 'read kaprodi/agenda-kaprodi', 'web', '2026-03-05 10:31:30', '2026-03-05 10:31:30', NULL),
	(296, 'update kaprodi/agenda-kaprodi', 'web', '2026-03-05 10:31:30', '2026-03-05 10:31:30', NULL),
	(297, 'create kaprodi/anggaran-kaprodi', 'web', '2026-03-05 10:31:30', '2026-03-05 10:31:30', NULL),
	(298, 'read kaprodi/anggaran-kaprodi', 'web', '2026-03-05 10:31:30', '2026-03-05 10:31:30', NULL),
	(299, 'update kaprodi/anggaran-kaprodi', 'web', '2026-03-05 10:31:30', '2026-03-05 10:31:30', NULL),
	(300, 'create kaprodi/uji-kompetensi-keahlian', 'web', '2026-03-05 10:31:30', '2026-03-05 10:31:30', NULL),
	(301, 'read kaprodi/uji-kompetensi-keahlian', 'web', '2026-03-05 10:31:30', '2026-03-05 10:31:30', NULL),
	(302, 'update kaprodi/uji-kompetensi-keahlian', 'web', '2026-03-05 10:31:30', '2026-03-05 10:31:30', NULL),
	(303, 'delete kaprodi/uji-kompetensi-keahlian', 'web', '2026-03-05 10:31:30', '2026-03-05 10:31:30', NULL),
	(304, 'sort kaprodi/uji-kompetensi-keahlian', 'web', '2026-03-05 10:31:30', '2026-03-05 10:31:30', NULL),
	(305, 'create kaprodi/pembagian-jam-ngajar', 'web', '2026-03-05 10:31:30', '2026-03-05 10:31:30', NULL),
	(306, 'read kaprodi/pembagian-jam-ngajar', 'web', '2026-03-05 10:31:30', '2026-03-05 10:31:30', NULL),
	(307, 'update kaprodi/pembagian-jam-ngajar', 'web', '2026-03-05 10:31:30', '2026-03-05 10:31:30', NULL),
	(308, 'create kaprodi/laboratorium', 'web', '2026-03-05 10:31:30', '2026-03-05 10:31:30', NULL),
	(309, 'read kaprodi/laboratorium', 'web', '2026-03-05 10:31:30', '2026-03-05 10:31:30', NULL),
	(310, 'update kaprodi/laboratorium', 'web', '2026-03-05 10:31:30', '2026-03-05 10:31:30', NULL),
	(311, 'create kaprodi/laporan-kaprodi', 'web', '2026-03-05 10:31:30', '2026-03-05 10:31:30', NULL),
	(312, 'read kaprodi/laporan-kaprodi', 'web', '2026-03-05 10:31:30', '2026-03-05 10:31:30', NULL),
	(313, 'update kaprodi/laporan-kaprodi', 'web', '2026-03-05 10:31:30', '2026-03-05 10:31:30', NULL),
	(314, 'read ketatausahaan', 'web', '2026-03-05 10:31:30', '2026-03-05 10:31:30', NULL),
	(315, 'create ketatausahaan/persuratan', 'web', '2026-03-05 10:31:30', '2026-03-05 10:31:30', NULL),
	(316, 'read ketatausahaan/persuratan', 'web', '2026-03-05 10:31:30', '2026-03-05 10:31:30', NULL),
	(317, 'update ketatausahaan/persuratan', 'web', '2026-03-05 10:31:30', '2026-03-05 10:31:30', NULL),
	(318, 'delete ketatausahaan/persuratan', 'web', '2026-03-05 10:31:30', '2026-03-05 10:31:30', NULL),
	(319, 'sort ketatausahaan/persuratan', 'web', '2026-03-05 10:31:30', '2026-03-05 10:31:30', NULL),
	(320, 'create ketatausahaan/kesiswaan', 'web', '2026-03-05 10:31:30', '2026-03-05 10:31:30', NULL),
	(321, 'read ketatausahaan/kesiswaan', 'web', '2026-03-05 10:31:30', '2026-03-05 10:31:30', NULL),
	(322, 'update ketatausahaan/kesiswaan', 'web', '2026-03-05 10:31:30', '2026-03-05 10:31:30', NULL),
	(323, 'create ketatausahaan/kepegawaian', 'web', '2026-03-05 10:31:30', '2026-03-05 10:31:30', NULL),
	(324, 'read ketatausahaan/kepegawaian', 'web', '2026-03-05 10:31:30', '2026-03-05 10:31:30', NULL),
	(325, 'update ketatausahaan/kepegawaian', 'web', '2026-03-05 10:31:30', '2026-03-05 10:31:30', NULL),
	(326, 'create ketatausahaan/sarana-prasarana', 'web', '2026-03-05 10:31:30', '2026-03-05 10:31:30', NULL),
	(327, 'read ketatausahaan/sarana-prasarana', 'web', '2026-03-05 10:31:30', '2026-03-05 10:31:30', NULL),
	(328, 'update ketatausahaan/sarana-prasarana', 'web', '2026-03-05 10:31:30', '2026-03-05 10:31:30', NULL),
	(329, 'create ketatausahaan/manajemen-barang', 'web', '2026-03-05 10:31:30', '2026-03-05 10:31:30', NULL),
	(330, 'read ketatausahaan/manajemen-barang', 'web', '2026-03-05 10:31:30', '2026-03-05 10:31:30', NULL),
	(331, 'update ketatausahaan/manajemen-barang', 'web', '2026-03-05 10:31:30', '2026-03-05 10:31:30', NULL),
	(332, 'create ketatausahaan/agenda-ketatausahaan', 'web', '2026-03-05 10:31:30', '2026-03-05 10:31:30', NULL),
	(333, 'read ketatausahaan/agenda-ketatausahaan', 'web', '2026-03-05 10:31:30', '2026-03-05 10:31:30', NULL),
	(334, 'update ketatausahaan/agenda-ketatausahaan', 'web', '2026-03-05 10:31:30', '2026-03-05 10:31:30', NULL),
	(335, 'create ketatausahaan/anggaran-ketatausahaan', 'web', '2026-03-05 10:31:30', '2026-03-05 10:31:30', NULL),
	(336, 'read ketatausahaan/anggaran-ketatausahaan', 'web', '2026-03-05 10:31:30', '2026-03-05 10:31:30', NULL),
	(337, 'update ketatausahaan/anggaran-ketatausahaan', 'web', '2026-03-05 10:31:30', '2026-03-05 10:31:30', NULL),
	(338, 'create ketatausahaan/laporan-ketatausahaan', 'web', '2026-03-05 10:31:30', '2026-03-05 10:31:30', NULL),
	(339, 'read ketatausahaan/laporan-ketatausahaan', 'web', '2026-03-05 10:31:30', '2026-03-05 10:31:30', NULL),
	(340, 'update ketatausahaan/laporan-ketatausahaan', 'web', '2026-03-05 10:31:30', '2026-03-05 10:31:30', NULL),
	(341, 'read bpbk', 'web', '2026-03-05 10:31:30', '2026-03-05 10:31:30', NULL),
	(342, 'create bpbk/konseling-siswa', 'web', '2026-03-05 10:31:30', '2026-03-05 10:31:30', NULL),
	(343, 'read bpbk/konseling-siswa', 'web', '2026-03-05 10:31:30', '2026-03-05 10:31:30', NULL),
	(344, 'update bpbk/konseling-siswa', 'web', '2026-03-05 10:31:30', '2026-03-05 10:31:30', NULL),
	(345, 'delete bpbk/konseling-siswa', 'web', '2026-03-05 10:31:30', '2026-03-05 10:31:30', NULL),
	(346, 'sort bpbk/konseling-siswa', 'web', '2026-03-05 10:31:30', '2026-03-05 10:31:30', NULL),
	(347, 'create bpbk/data-kip', 'web', '2026-03-05 10:31:30', '2026-03-05 10:31:30', NULL),
	(348, 'read bpbk/data-kip', 'web', '2026-03-05 10:31:30', '2026-03-05 10:31:30', NULL),
	(349, 'update bpbk/data-kip', 'web', '2026-03-05 10:31:30', '2026-03-05 10:31:30', NULL),
	(350, 'create bpbk/home-visit', 'web', '2026-03-05 10:31:30', '2026-03-05 10:31:30', NULL),
	(351, 'read bpbk/home-visit', 'web', '2026-03-05 10:31:30', '2026-03-05 10:31:30', NULL),
	(352, 'update bpbk/home-visit', 'web', '2026-03-05 10:31:30', '2026-03-05 10:31:30', NULL),
	(353, 'create bpbk/melanjutkan-kuliah', 'web', '2026-03-05 10:31:30', '2026-03-05 10:31:30', NULL),
	(354, 'read bpbk/melanjutkan-kuliah', 'web', '2026-03-05 10:31:31', '2026-03-05 10:31:31', NULL),
	(355, 'update bpbk/melanjutkan-kuliah', 'web', '2026-03-05 10:31:31', '2026-03-05 10:31:31', NULL),
	(356, 'create bpbk/penelusuran-lulusan', 'web', '2026-03-05 10:31:31', '2026-03-05 10:31:31', NULL),
	(357, 'read bpbk/penelusuran-lulusan', 'web', '2026-03-05 10:31:31', '2026-03-05 10:31:31', NULL),
	(358, 'update bpbk/penelusuran-lulusan', 'web', '2026-03-05 10:31:31', '2026-03-05 10:31:31', NULL),
	(359, 'create bpbk/anggaran-bp-bk', 'web', '2026-03-05 10:31:31', '2026-03-05 10:31:31', NULL),
	(360, 'read bpbk/anggaran-bp-bk', 'web', '2026-03-05 10:31:31', '2026-03-05 10:31:31', NULL),
	(361, 'update bpbk/anggaran-bp-bk', 'web', '2026-03-05 10:31:31', '2026-03-05 10:31:31', NULL),
	(362, 'create bpbk/laporan-bp-bk', 'web', '2026-03-05 10:31:31', '2026-03-05 10:31:31', NULL),
	(363, 'read bpbk/laporan-bp-bk', 'web', '2026-03-05 10:31:31', '2026-03-05 10:31:31', NULL),
	(364, 'update bpbk/laporan-bp-bk', 'web', '2026-03-05 10:31:31', '2026-03-05 10:31:31', NULL);

-- Dumping structure for table metronic832-neo.roles
DROP TABLE IF EXISTS `roles`;
CREATE TABLE IF NOT EXISTS `roles` (
  `id` bigint unsigned NOT NULL AUTO_INCREMENT,
  `name` varchar(255) COLLATE utf8mb4_unicode_ci NOT NULL,
  `guard_name` varchar(255) COLLATE utf8mb4_unicode_ci NOT NULL,
  `created_at` timestamp NULL DEFAULT NULL,
  `updated_at` timestamp NULL DEFAULT NULL,
  `deleted_at` timestamp NULL DEFAULT NULL,
  PRIMARY KEY (`id`),
  UNIQUE KEY `roles_name_guard_name_unique` (`name`,`guard_name`)
) ENGINE=InnoDB AUTO_INCREMENT=42 DEFAULT CHARSET=utf8mb4 COLLATE=utf8mb4_unicode_ci;

-- Dumping data for table metronic832-neo.roles: ~41 rows (approximately)
DELETE FROM `roles`;
INSERT INTO `roles` (`id`, `name`, `guard_name`, `created_at`, `updated_at`, `deleted_at`) VALUES
	(1, 'master', 'web', '2026-03-04 07:59:58', '2026-03-04 07:59:58', NULL),
	(2, 'admin', 'web', '2026-03-04 07:59:58', '2026-03-04 07:59:58', NULL),
	(3, 'kepsek', 'web', '2026-03-04 07:59:58', '2026-03-04 07:59:58', NULL),
	(4, 'guru', 'web', '2026-03-04 07:59:58', '2026-03-04 07:59:58', NULL),
	(5, 'tatausaha', 'web', '2026-03-04 07:59:58', '2026-03-04 07:59:58', NULL),
	(6, 'wakasek', 'web', '2026-03-04 07:59:58', '2026-03-04 07:59:58', NULL),
	(7, 'kaprog', 'web', '2026-03-04 07:59:58', '2026-03-04 07:59:58', NULL),
	(8, 'gmapel', 'web', '2026-03-04 07:59:58', '2026-03-04 07:59:58', NULL),
	(9, 'walas', 'web', '2026-03-04 07:59:58', '2026-03-04 07:59:58', NULL),
	(10, 'siswa', 'web', '2026-03-04 07:59:59', '2026-03-04 07:59:59', NULL),
	(11, 'tamu', 'web', '2026-03-04 07:59:59', '2026-03-04 07:59:59', NULL),
	(12, 'pembpkl', 'web', '2026-03-04 07:59:59', '2026-03-04 07:59:59', NULL),
	(13, 'adminpkl', 'web', '2026-03-04 07:59:59', '2026-03-04 07:59:59', NULL),
	(14, 'pesertapkl', 'web', '2026-03-04 07:59:59', '2026-03-04 07:59:59', NULL),
	(15, 'kaprodiak', 'web', '2026-03-04 07:59:59', '2026-03-04 07:59:59', NULL),
	(16, 'kaprodibd', 'web', '2026-03-04 07:59:59', '2026-03-04 07:59:59', NULL),
	(17, 'kaprodimp', 'web', '2026-03-04 07:59:59', '2026-03-04 07:59:59', NULL),
	(18, 'kaprodirpl', 'web', '2026-03-04 07:59:59', '2026-03-04 07:59:59', NULL),
	(19, 'kaproditkj', 'web', '2026-03-04 07:59:59', '2026-03-04 07:59:59', NULL),
	(20, 'bpbk', 'web', '2026-03-04 07:59:59', '2026-03-04 07:59:59', NULL),
	(21, 'alumni', 'web', '2026-03-04 07:59:59', '2026-03-04 07:59:59', NULL),
	(22, 'panitiapkl', 'web', '2026-03-04 07:59:59', '2026-03-04 07:59:59', NULL),
	(23, 'kaprakerinak', 'web', '2026-03-04 07:59:59', '2026-03-04 07:59:59', NULL),
	(24, 'kaprakerinbd', 'web', '2026-03-04 07:59:59', '2026-03-04 07:59:59', NULL),
	(25, 'kaprakerinmp', 'web', '2026-03-04 07:59:59', '2026-03-04 07:59:59', NULL),
	(26, 'kaprakerinrpl', 'web', '2026-03-04 07:59:59', '2026-03-04 07:59:59', NULL),
	(27, 'kaprakerintkj', 'web', '2026-03-04 07:59:59', '2026-03-04 07:59:59', NULL),
	(28, 'guruprakerin', 'web', '2026-03-04 07:59:59', '2026-03-04 07:59:59', NULL),
	(29, 'siswaprakerin', 'web', '2026-03-04 07:59:59', '2026-03-04 07:59:59', NULL),
	(30, 'guruwali', 'web', '2026-03-04 07:59:59', '2026-03-04 07:59:59', NULL),
	(31, 'adminps', 'web', '2026-03-04 07:59:59', '2026-03-04 07:59:59', NULL),
	(32, 'wakakurikulum', 'web', '2026-03-04 07:59:59', '2026-03-04 07:59:59', NULL),
	(33, 'stafwakakurikulum', 'web', '2026-03-04 07:59:59', '2026-03-04 07:59:59', NULL),
	(34, 'wakakesiswaan', 'web', '2026-03-04 07:59:59', '2026-03-04 07:59:59', NULL),
	(35, 'stafwakakesiswaan', 'web', '2026-03-04 07:59:59', '2026-03-04 07:59:59', NULL),
	(36, 'wakahumas', 'web', '2026-03-04 07:59:59', '2026-03-04 07:59:59', NULL),
	(37, 'stafwakahumas', 'web', '2026-03-04 07:59:59', '2026-03-04 07:59:59', NULL),
	(38, 'wakasarana', 'web', '2026-03-04 07:59:59', '2026-03-04 07:59:59', NULL),
	(39, 'stafwakasarana', 'web', '2026-03-04 07:59:59', '2026-03-04 07:59:59', NULL),
	(40, 'wakaps', 'web', '2026-03-04 07:59:59', '2026-03-04 07:59:59', NULL),
	(41, 'stafwakaps', 'web', '2026-03-04 07:59:59', '2026-03-04 07:59:59', NULL);

-- Dumping structure for table metronic832-neo.role_has_permissions
DROP TABLE IF EXISTS `role_has_permissions`;
CREATE TABLE IF NOT EXISTS `role_has_permissions` (
  `permission_id` bigint unsigned NOT NULL,
  `role_id` bigint unsigned NOT NULL,
  PRIMARY KEY (`permission_id`,`role_id`),
  KEY `role_has_permissions_role_id_foreign` (`role_id`),
  CONSTRAINT `role_has_permissions_permission_id_foreign` FOREIGN KEY (`permission_id`) REFERENCES `permissions` (`id`) ON DELETE CASCADE,
  CONSTRAINT `role_has_permissions_role_id_foreign` FOREIGN KEY (`role_id`) REFERENCES `roles` (`id`) ON DELETE CASCADE
) ENGINE=InnoDB DEFAULT CHARSET=utf8mb4 COLLATE=utf8mb4_unicode_ci;

-- Dumping data for table metronic832-neo.role_has_permissions: ~524 rows (approximately)
DELETE FROM `role_has_permissions`;
INSERT INTO `role_has_permissions` (`permission_id`, `role_id`) VALUES
	(5, 2),
	(6, 2),
	(7, 2),
	(8, 2),
	(9, 2),
	(10, 2),
	(11, 2),
	(12, 2),
	(13, 2),
	(14, 2),
	(15, 2),
	(16, 2),
	(17, 2),
	(18, 2),
	(19, 2),
	(20, 2),
	(21, 2),
	(22, 2),
	(23, 2),
	(24, 2),
	(25, 2),
	(26, 2),
	(27, 2),
	(28, 2),
	(29, 2),
	(30, 2),
	(31, 2),
	(32, 2),
	(33, 2),
	(34, 2),
	(35, 2),
	(36, 2),
	(37, 2),
	(38, 2),
	(39, 2),
	(40, 2),
	(41, 2),
	(42, 2),
	(43, 2),
	(44, 2),
	(45, 2),
	(46, 2),
	(47, 2),
	(48, 2),
	(49, 2),
	(50, 2),
	(51, 2),
	(52, 2),
	(53, 2),
	(54, 2),
	(55, 2),
	(56, 2),
	(57, 2),
	(58, 2),
	(59, 2),
	(60, 2),
	(61, 2),
	(62, 2),
	(63, 2),
	(64, 2),
	(65, 2),
	(66, 2),
	(67, 2),
	(68, 2),
	(69, 2),
	(70, 2),
	(71, 2),
	(72, 2),
	(73, 2),
	(74, 2),
	(75, 2),
	(76, 2),
	(77, 2),
	(78, 2),
	(79, 2),
	(80, 2),
	(81, 2),
	(82, 2),
	(83, 2),
	(84, 2),
	(85, 2),
	(86, 2),
	(87, 2),
	(88, 2),
	(89, 2),
	(90, 2),
	(91, 2),
	(92, 2),
	(93, 2),
	(94, 2),
	(95, 2),
	(96, 2),
	(97, 2),
	(98, 2),
	(99, 2),
	(100, 2),
	(101, 2),
	(102, 2),
	(103, 2),
	(225, 2),
	(226, 2),
	(227, 2),
	(228, 2),
	(229, 2),
	(230, 2),
	(231, 2),
	(232, 2),
	(233, 2),
	(234, 2),
	(235, 2),
	(236, 2),
	(237, 2),
	(238, 2),
	(239, 2),
	(240, 2),
	(241, 2),
	(242, 2),
	(243, 2),
	(244, 2),
	(245, 2),
	(246, 2),
	(247, 2),
	(248, 2),
	(249, 2),
	(250, 2),
	(251, 2),
	(252, 2),
	(253, 2),
	(254, 2),
	(255, 2),
	(256, 2),
	(257, 2),
	(258, 2),
	(259, 2),
	(260, 2),
	(261, 2),
	(262, 2),
	(263, 2),
	(264, 2),
	(265, 2),
	(266, 2),
	(267, 2),
	(268, 2),
	(269, 2),
	(270, 2),
	(271, 2),
	(272, 2),
	(273, 2),
	(274, 2),
	(275, 2),
	(276, 2),
	(277, 2),
	(278, 2),
	(279, 2),
	(280, 2),
	(1, 3),
	(2, 3),
	(3, 3),
	(4, 3),
	(1, 4),
	(2, 4),
	(3, 4),
	(4, 4),
	(280, 4),
	(1, 5),
	(2, 5),
	(3, 5),
	(4, 5),
	(314, 5),
	(315, 5),
	(316, 5),
	(317, 5),
	(318, 5),
	(319, 5),
	(320, 5),
	(321, 5),
	(322, 5),
	(323, 5),
	(324, 5),
	(325, 5),
	(326, 5),
	(327, 5),
	(328, 5),
	(329, 5),
	(330, 5),
	(331, 5),
	(332, 5),
	(333, 5),
	(334, 5),
	(335, 5),
	(336, 5),
	(337, 5),
	(338, 5),
	(339, 5),
	(340, 5),
	(281, 6),
	(282, 6),
	(283, 6),
	(284, 6),
	(285, 6),
	(286, 6),
	(287, 6),
	(288, 6),
	(289, 6),
	(290, 6),
	(291, 6),
	(292, 6),
	(293, 7),
	(294, 7),
	(295, 7),
	(296, 7),
	(297, 7),
	(298, 7),
	(299, 7),
	(300, 7),
	(301, 7),
	(302, 7),
	(303, 7),
	(304, 7),
	(305, 7),
	(306, 7),
	(307, 7),
	(308, 7),
	(309, 7),
	(310, 7),
	(311, 7),
	(312, 7),
	(313, 7),
	(1, 10),
	(2, 10),
	(3, 10),
	(4, 10),
	(341, 20),
	(342, 20),
	(343, 20),
	(344, 20),
	(345, 20),
	(346, 20),
	(347, 20),
	(348, 20),
	(349, 20),
	(350, 20),
	(351, 20),
	(352, 20),
	(353, 20),
	(354, 20),
	(355, 20),
	(356, 20),
	(357, 20),
	(358, 20),
	(359, 20),
	(360, 20),
	(361, 20),
	(362, 20),
	(363, 20),
	(364, 20),
	(104, 32),
	(105, 32),
	(106, 32),
	(107, 32),
	(108, 32),
	(109, 32),
	(110, 32),
	(111, 32),
	(112, 32),
	(113, 32),
	(114, 32),
	(115, 32),
	(116, 32),
	(117, 32),
	(118, 32),
	(119, 32),
	(120, 32),
	(121, 32),
	(122, 32),
	(123, 32),
	(124, 32),
	(125, 32),
	(126, 32),
	(127, 32),
	(128, 32),
	(129, 32),
	(130, 32),
	(131, 32),
	(132, 32),
	(133, 32),
	(134, 32),
	(135, 32),
	(136, 32),
	(137, 32),
	(138, 32),
	(139, 32),
	(140, 32),
	(141, 32),
	(142, 32),
	(143, 32),
	(144, 32),
	(145, 32),
	(146, 32),
	(147, 32),
	(148, 32),
	(149, 32),
	(150, 32),
	(151, 32),
	(152, 32),
	(153, 32),
	(154, 32),
	(155, 32),
	(156, 32),
	(157, 32),
	(158, 32),
	(159, 32),
	(160, 32),
	(161, 32),
	(162, 32),
	(163, 32),
	(164, 32),
	(165, 32),
	(166, 32),
	(167, 32),
	(168, 32),
	(169, 32),
	(170, 32),
	(171, 32),
	(172, 32),
	(173, 32),
	(174, 32),
	(175, 32),
	(176, 32),
	(177, 32),
	(178, 32),
	(179, 32),
	(180, 32),
	(181, 32),
	(182, 32),
	(183, 32),
	(184, 32),
	(185, 32),
	(186, 32),
	(187, 32),
	(188, 32),
	(189, 32),
	(190, 32),
	(191, 32),
	(192, 32),
	(193, 32),
	(194, 32),
	(195, 32),
	(196, 32),
	(197, 32),
	(198, 32),
	(199, 32),
	(200, 32),
	(201, 32),
	(202, 32),
	(203, 32),
	(204, 32),
	(205, 32),
	(206, 32),
	(207, 32),
	(208, 32),
	(209, 32),
	(210, 32),
	(211, 32),
	(212, 32),
	(213, 32),
	(214, 32),
	(215, 32),
	(216, 32),
	(217, 32),
	(218, 32),
	(219, 32),
	(220, 32),
	(221, 32),
	(222, 32),
	(223, 32),
	(224, 32),
	(104, 33),
	(105, 33),
	(106, 33),
	(107, 33),
	(108, 33),
	(109, 33),
	(110, 33),
	(111, 33),
	(112, 33),
	(113, 33),
	(114, 33),
	(115, 33),
	(116, 33),
	(117, 33),
	(118, 33),
	(119, 33),
	(120, 33),
	(121, 33),
	(122, 33),
	(123, 33),
	(124, 33),
	(125, 33),
	(126, 33),
	(127, 33),
	(128, 33),
	(129, 33),
	(130, 33),
	(131, 33),
	(132, 33),
	(133, 33),
	(134, 33),
	(135, 33),
	(136, 33),
	(137, 33),
	(138, 33),
	(139, 33),
	(140, 33),
	(141, 33),
	(142, 33),
	(143, 33),
	(144, 33),
	(145, 33),
	(146, 33),
	(147, 33),
	(148, 33),
	(149, 33),
	(150, 33),
	(151, 33),
	(152, 33),
	(153, 33),
	(154, 33),
	(155, 33),
	(156, 33),
	(157, 33),
	(158, 33),
	(159, 33),
	(160, 33),
	(161, 33),
	(162, 33),
	(163, 33),
	(164, 33),
	(165, 33),
	(166, 33),
	(167, 33),
	(168, 33),
	(169, 33),
	(170, 33),
	(171, 33),
	(172, 33),
	(173, 33),
	(174, 33),
	(175, 33),
	(176, 33),
	(177, 33),
	(178, 33),
	(179, 33),
	(180, 33),
	(181, 33),
	(182, 33),
	(183, 33),
	(184, 33),
	(185, 33),
	(186, 33),
	(187, 33),
	(188, 33),
	(189, 33),
	(190, 33),
	(191, 33),
	(192, 33),
	(193, 33),
	(194, 33),
	(195, 33),
	(196, 33),
	(197, 33),
	(198, 33),
	(199, 33),
	(200, 33),
	(201, 33),
	(202, 33),
	(203, 33),
	(204, 33),
	(205, 33),
	(206, 33),
	(207, 33),
	(208, 33),
	(209, 33),
	(210, 33),
	(211, 33),
	(212, 33),
	(213, 33),
	(214, 33),
	(215, 33),
	(216, 33),
	(217, 33),
	(218, 33),
	(219, 33),
	(220, 33),
	(221, 33),
	(222, 33),
	(223, 33),
	(224, 33),
	(91, 40),
	(92, 40),
	(93, 40),
	(94, 40),
	(95, 40),
	(96, 40),
	(97, 40),
	(98, 40),
	(99, 40),
	(100, 40),
	(101, 40),
	(102, 40),
	(103, 40),
	(91, 41),
	(92, 41),
	(93, 41),
	(94, 41),
	(95, 41),
	(96, 41),
	(97, 41),
	(98, 41),
	(99, 41),
	(100, 41),
	(101, 41),
	(102, 41),
	(103, 41);

-- Dumping structure for table metronic832-neo.sessions
DROP TABLE IF EXISTS `sessions`;
CREATE TABLE IF NOT EXISTS `sessions` (
  `id` varchar(255) COLLATE utf8mb4_unicode_ci NOT NULL,
  `user_id` bigint unsigned DEFAULT NULL,
  `ip_address` varchar(45) COLLATE utf8mb4_unicode_ci DEFAULT NULL,
  `user_agent` text COLLATE utf8mb4_unicode_ci,
  `payload` longtext COLLATE utf8mb4_unicode_ci NOT NULL,
  `last_activity` int NOT NULL,
  PRIMARY KEY (`id`),
  KEY `sessions_user_id_index` (`user_id`),
  KEY `sessions_last_activity_index` (`last_activity`)
) ENGINE=InnoDB DEFAULT CHARSET=utf8mb4 COLLATE=utf8mb4_unicode_ci;

-- Dumping data for table metronic832-neo.sessions: ~2 rows (approximately)
DELETE FROM `sessions`;
INSERT INTO `sessions` (`id`, `user_id`, `ip_address`, `user_agent`, `payload`, `last_activity`) VALUES
	('Qf0A8mneEcrKLkHNPhgR5aWsk8iLBIoizZvsVn9k', 5, '127.0.0.1', 'Mozilla/5.0 (Windows NT 10.0; Win64; x64) AppleWebKit/537.36 (KHTML, like Gecko) Chrome/146.0.0.0 Safari/537.36', 'YTo1OntzOjY6Il90b2tlbiI7czo0MDoiWklMSFdwWXZ1Yk5sZ1F5OVp2VEpXSFVvWklFUVhVQ2xhZEFnWUlYZiI7czo2OiJsb2NhbGUiO3M6MjoiaWQiO3M6NjoiX2ZsYXNoIjthOjI6e3M6Mzoib2xkIjthOjA6e31zOjM6Im5ldyI7YTowOnt9fXM6OToiX3ByZXZpb3VzIjthOjI6e3M6MzoidXJsIjtzOjI4OiJodHRwOi8vbWFpbmRyYS50ZXN0L2hvbWVwYWdlIjtzOjU6InJvdXRlIjtzOjg6ImhvbWVwYWdlIjt9czo1MDoibG9naW5fd2ViXzU5YmEzNmFkZGMyYjJmOTQwMTU4MGYwMTRjN2Y1OGVhNGUzMDk4OWQiO2k6NTt9', 1774685172);

-- Dumping structure for table metronic832-neo.users
DROP TABLE IF EXISTS `users`;
CREATE TABLE IF NOT EXISTS `users` (
  `id` bigint unsigned NOT NULL AUTO_INCREMENT,
  `name` varchar(255) COLLATE utf8mb4_unicode_ci NOT NULL,
  `username` varchar(255) COLLATE utf8mb4_unicode_ci DEFAULT NULL,
  `avatar` varchar(255) COLLATE utf8mb4_unicode_ci DEFAULT NULL,
  `email` varchar(255) COLLATE utf8mb4_unicode_ci NOT NULL,
  `email_verified_at` timestamp NULL DEFAULT NULL,
  `password` varchar(255) COLLATE utf8mb4_unicode_ci NOT NULL,
  `remember_token` varchar(100) COLLATE utf8mb4_unicode_ci DEFAULT NULL,
  `created_at` timestamp NULL DEFAULT NULL,
  `updated_at` timestamp NULL DEFAULT NULL,
  PRIMARY KEY (`id`),
  UNIQUE KEY `users_email_unique` (`email`),
  UNIQUE KEY `users_username_unique` (`username`)
) ENGINE=InnoDB AUTO_INCREMENT=6 DEFAULT CHARSET=utf8mb4 COLLATE=utf8mb4_unicode_ci;

-- Dumping data for table metronic832-neo.users: ~5 rows (approximately)
DELETE FROM `users`;
INSERT INTO `users` (`id`, `name`, `username`, `avatar`, `email`, `email_verified_at`, `password`, `remember_token`, `created_at`, `updated_at`) VALUES
	(1, 'guru', 'guru', '300-1.jpg', 'guru@gmail.com', '2026-03-04 07:59:59', '$2y$12$zk37zXEFXgQvF2LouUM.6O0dbYz1WMq0GIaI7Cvl9udtWKc0gIgN2', 'WOQ4pALjfp206wMUlG8i4x40ybkV0n3JiWGaMC5y4ozBXBU44g3J6bhGWV5I', '2026-03-04 07:59:59', '2026-03-04 07:59:59'),
	(2, 'tatausaha', 'tatausaha', '300-2.jpg', 'tatausaha@gmail.com', '2026-03-04 07:59:59', '$2y$12$zk37zXEFXgQvF2LouUM.6O0dbYz1WMq0GIaI7Cvl9udtWKc0gIgN2', 'CrwBEJwEisc6LpAnV9liSdvmLh4mVR5ltcJxUsHPPyxse9Ew26iO1t886XWO', '2026-03-04 07:59:59', '2026-03-04 07:59:59'),
	(3, 'siswa', 'siswa', '300-4.jpg', 'siswa@gmail.com', '2026-03-04 07:59:59', '$2y$12$zk37zXEFXgQvF2LouUM.6O0dbYz1WMq0GIaI7Cvl9udtWKc0gIgN2', 'E1stKu4HOO', '2026-03-04 07:59:59', '2026-03-04 07:59:59'),
	(4, 'admin', 'admin', '300-3.jpg', 'admin@gmail.com', '2026-03-04 07:59:59', '$2y$12$zk37zXEFXgQvF2LouUM.6O0dbYz1WMq0GIaI7Cvl9udtWKc0gIgN2', 'E1stKu4HOO', '2026-03-04 07:59:59', '2026-03-04 07:59:59'),
	(5, 'master', 'master', '300-5.jpg', 'master@gmail.com', '2026-03-04 07:59:59', '$2y$12$zk37zXEFXgQvF2LouUM.6O0dbYz1WMq0GIaI7Cvl9udtWKc0gIgN2', 'TDmsGlYFwqn4iXgT2tbddmXosgBPB03al9Rtn64myTdmWtmbOYKLuN5fH95V', '2026-03-04 07:59:59', '2026-03-04 07:59:59');

/*!40103 SET TIME_ZONE=IFNULL(@OLD_TIME_ZONE, 'system') */;
/*!40101 SET SQL_MODE=IFNULL(@OLD_SQL_MODE, '') */;
/*!40014 SET FOREIGN_KEY_CHECKS=IFNULL(@OLD_FOREIGN_KEY_CHECKS, 1) */;
/*!40101 SET CHARACTER_SET_CLIENT=@OLD_CHARACTER_SET_CLIENT */;
/*!40111 SET SQL_NOTES=IFNULL(@OLD_SQL_NOTES, 1) */;
